sex,occ,sex_sp,occ_sp,total
1,31,2,5000,1
1,111,2,111,2
1,111,2,112,4
1,111,2,121,1
1,111,2,134,2
1,111,2,141,1
1,111,2,142,1
1,111,2,143,2
1,111,2,222,3
1,111,2,230,17
1,111,2,233,9
1,111,2,234,14
1,111,2,235,2
1,111,2,322,2
1,111,2,325,8
1,111,2,334,3
1,111,2,335,2
1,111,2,343,1
1,111,2,411,14
1,111,2,421,1
1,111,2,422,4
1,111,2,511,1
1,111,2,522,10
1,111,2,523,2
1,111,2,611,4
1,111,2,731,12
1,111,2,732,1
1,111,2,751,3
1,111,2,753,4
1,111,2,911,3
1,111,2,961,1
1,111,2,962,1
1,111,2,1100,1
1,111,2,2000,6
1,111,2,3000,33
1,111,2,5000,84
1,111,2,6000,19
1,111,2,9000,4
1,111,2,9999,1
1,112,2,111,5
1,112,2,112,30
1,112,2,121,7
1,112,2,122,3
1,112,2,133,1
1,112,2,134,3
1,112,2,141,2
1,112,2,142,3
1,112,2,143,1
1,112,2,216,1
1,112,2,221,1
1,112,2,222,1
1,112,2,223,1
1,112,2,230,11
1,112,2,231,2
1,112,2,233,6
1,112,2,234,14
1,112,2,235,4
1,112,2,241,4
1,112,2,243,1
1,112,2,261,2
1,112,2,262,2
1,112,2,264,2
1,112,2,265,1
1,112,2,315,1
1,112,2,321,2
1,112,2,325,10
1,112,2,331,7
1,112,2,332,2
1,112,2,334,5
1,112,2,335,2
1,112,2,343,1
1,112,2,411,27
1,112,2,413,1
1,112,2,422,2
1,112,2,431,1
1,112,2,441,5
1,112,2,511,1
1,112,2,522,1
1,112,2,523,1
1,112,2,531,1
1,112,2,731,3
1,112,2,732,1
1,112,2,751,9
1,112,2,753,14
1,112,2,911,1
1,112,2,961,2
1,112,2,2000,10
1,112,2,3000,29
1,112,2,3100,1
1,112,2,4000,3
1,112,2,5000,152
1,112,2,6000,19
1,112,2,9000,2
1,112,2,9999,2
1,121,2,112,1
1,121,2,121,8
1,121,2,134,1
1,121,2,142,2
1,121,2,143,1
1,121,2,214,1
1,121,2,226,2
1,121,2,230,11
1,121,2,233,4
1,121,2,234,9
1,121,2,235,1
1,121,2,315,1
1,121,2,321,1
1,121,2,322,2
1,121,2,331,3
1,121,2,332,1
1,121,2,334,10
1,121,2,335,2
1,121,2,343,1
1,121,2,411,12
1,121,2,422,1
1,121,2,431,1
1,121,2,432,1
1,121,2,441,3
1,121,2,522,1
1,121,2,523,3
1,121,2,541,1
1,121,2,751,4
1,121,2,753,7
1,121,2,2000,3
1,121,2,3000,20
1,121,2,3100,1
1,121,2,4000,1
1,121,2,5000,66
1,121,2,6000,1
1,121,2,9000,1
1,121,2,9999,2
1,122,2,111,1
1,122,2,112,3
1,122,2,121,1
1,122,2,122,4
1,122,2,132,1
1,122,2,134,2
1,122,2,142,2
1,122,2,222,1
1,122,2,230,1
1,122,2,231,1
1,122,2,234,1
1,122,2,235,3
1,122,2,241,1
1,122,2,242,1
1,122,2,262,1
1,122,2,322,1
1,122,2,325,2
1,122,2,331,3
1,122,2,332,1
1,122,2,334,2
1,122,2,411,5
1,122,2,422,2
1,122,2,431,1
1,122,2,511,1
1,122,2,514,1
1,122,2,541,1
1,122,2,751,1
1,122,2,753,3
1,122,2,754,1
1,122,2,3000,8
1,122,2,5000,36
1,131,2,751,1
1,131,2,5000,1
1,132,2,112,1
1,132,2,121,2
1,132,2,122,3
1,132,2,134,4
1,132,2,142,1
1,132,2,143,1
1,132,2,222,1
1,132,2,230,4
1,132,2,231,1
1,132,2,234,4
1,132,2,235,4
1,132,2,264,1
1,132,2,265,1
1,132,2,321,1
1,132,2,322,1
1,132,2,323,1
1,132,2,325,2
1,132,2,332,1
1,132,2,334,4
1,132,2,411,6
1,132,2,412,1
1,132,2,422,1
1,132,2,431,1
1,132,2,522,2
1,132,2,524,1
1,132,2,531,1
1,132,2,532,1
1,132,2,731,1
1,132,2,732,1
1,132,2,751,7
1,132,2,753,9
1,132,2,835,1
1,132,2,2000,1
1,132,2,3000,29
1,132,2,4000,1
1,132,2,5000,70
1,132,2,6000,14
1,132,2,9000,4
1,132,2,9999,1
1,133,2,111,1
1,133,2,112,1
1,133,2,122,1
1,133,2,134,1
1,133,2,142,1
1,133,2,234,2
1,133,2,242,1
1,133,2,411,1
1,133,2,511,1
1,133,2,751,1
1,133,2,3000,3
1,133,2,5000,12
1,134,2,111,1
1,134,2,112,4
1,134,2,121,2
1,134,2,134,3
1,134,2,222,1
1,134,2,226,1
1,134,2,230,15
1,134,2,231,2
1,134,2,233,4
1,134,2,234,6
1,134,2,235,1
1,134,2,241,1
1,134,2,261,1
1,134,2,264,1
1,134,2,321,1
1,134,2,322,3
1,134,2,325,1
1,134,2,331,2
1,134,2,332,2
1,134,2,334,4
1,134,2,411,2
1,134,2,421,1
1,134,2,422,1
1,134,2,431,2
1,134,2,432,1
1,134,2,522,3
1,134,2,523,1
1,134,2,532,1
1,134,2,611,1
1,134,2,731,1
1,134,2,732,1
1,134,2,751,5
1,134,2,753,1
1,134,2,911,1
1,134,2,961,2
1,134,2,2000,5
1,134,2,3000,12
1,134,2,5000,48
1,134,2,6000,24
1,134,2,9000,2
1,141,2,111,2
1,141,2,112,3
1,141,2,121,5
1,141,2,122,1
1,141,2,134,1
1,141,2,141,5
1,141,2,142,3
1,141,2,226,1
1,141,2,230,6
1,141,2,231,3
1,141,2,233,3
1,141,2,234,1
1,141,2,235,2
1,141,2,262,1
1,141,2,264,1
1,141,2,322,3
1,141,2,325,1
1,141,2,333,2
1,141,2,335,2
1,141,2,342,1
1,141,2,352,1
1,141,2,411,6
1,141,2,422,3
1,141,2,512,4
1,141,2,522,3
1,141,2,524,3
1,141,2,611,1
1,141,2,731,2
1,141,2,751,10
1,141,2,753,4
1,141,2,815,2
1,141,2,911,3
1,141,2,2000,3
1,141,2,3000,17
1,141,2,5000,50
1,141,2,6000,7
1,141,2,9000,3
1,141,2,9999,1
1,142,2,111,2
1,142,2,112,4
1,142,2,121,2
1,142,2,122,1
1,142,2,134,9
1,142,2,142,31
1,142,2,216,1
1,142,2,222,8
1,142,2,226,1
1,142,2,230,16
1,142,2,231,3
1,142,2,233,6
1,142,2,234,17
1,142,2,235,6
1,142,2,242,1
1,142,2,261,2
1,142,2,265,3
1,142,2,321,1
1,142,2,322,2
1,142,2,323,1
1,142,2,325,5
1,142,2,331,4
1,142,2,334,7
1,142,2,335,5
1,142,2,341,1
1,142,2,342,1
1,142,2,411,14
1,142,2,422,4
1,142,2,431,3
1,142,2,441,2
1,142,2,522,37
1,142,2,523,6
1,142,2,541,1
1,142,2,611,2
1,142,2,723,1
1,142,2,731,4
1,142,2,751,23
1,142,2,753,12
1,142,2,911,7
1,142,2,2000,6
1,142,2,3000,47
1,142,2,4000,4
1,142,2,5000,189
1,142,2,6000,14
1,142,2,9000,3
1,143,2,112,2
1,143,2,121,3
1,143,2,143,2
1,143,2,222,1
1,143,2,230,2
1,143,2,233,4
1,143,2,234,1
1,143,2,235,2
1,143,2,243,1
1,143,2,264,1
1,143,2,265,1
1,143,2,322,1
1,143,2,334,4
1,143,2,342,1
1,143,2,343,1
1,143,2,411,6
1,143,2,421,1
1,143,2,422,1
1,143,2,515,1
1,143,2,522,4
1,143,2,523,1
1,143,2,541,1
1,143,2,751,1
1,143,2,753,5
1,143,2,911,1
1,143,2,2000,3
1,143,2,3000,25
1,143,2,5000,40
1,143,2,6000,3
1,211,2,230,2
1,211,2,321,2
1,211,2,422,1
1,211,2,911,1
1,211,2,3000,2
1,212,2,230,1
1,212,2,5000,1
1,213,2,5000,2
1,214,2,112,1
1,214,2,122,1
1,214,2,221,1
1,214,2,230,1
1,214,2,233,1
1,214,2,234,1
1,214,2,241,1
1,214,2,262,2
1,214,2,322,1
1,214,2,331,1
1,214,2,334,2
1,214,2,411,3
1,214,2,431,1
1,214,2,523,1
1,214,2,751,6
1,214,2,753,5
1,214,2,911,3
1,214,2,2000,2
1,214,2,3000,9
1,214,2,4000,1
1,214,2,5000,20
1,214,2,6000,1
1,215,2,121,1
1,215,2,234,1
1,216,2,111,1
1,216,2,112,1
1,216,2,216,1
1,216,2,231,1
1,216,2,233,1
1,216,2,243,1
1,216,2,261,1
1,216,2,411,2
1,216,2,422,2
1,216,2,431,1
1,216,2,511,1
1,216,2,541,1
1,216,2,751,1
1,216,2,753,1
1,216,2,2000,1
1,216,2,5000,13
1,216,2,9000,1
1,216,2,9999,2
1,221,2,121,1
1,221,2,221,5
1,221,2,231,1
1,221,2,241,1
1,221,2,411,1
1,221,2,3000,1
1,221,2,4000,1
1,221,2,5000,8
1,222,2,222,1
1,222,2,3000,1
1,222,2,6000,3
1,226,2,261,1
1,226,2,322,3
1,226,2,325,1
1,226,2,342,1
1,226,2,3000,4
1,226,2,4000,1
1,226,2,5000,1
1,226,2,6000,1
1,230,2,112,1
1,230,2,142,1
1,230,2,222,3
1,230,2,230,30
1,230,2,233,2
1,230,2,234,3
1,230,2,235,1
1,230,2,325,2
1,230,2,334,2
1,230,2,411,5
1,230,2,422,2
1,230,2,431,1
1,230,2,512,1
1,230,2,522,3
1,230,2,541,1
1,230,2,611,2
1,230,2,622,1
1,230,2,731,6
1,230,2,732,3
1,230,2,751,8
1,230,2,753,4
1,230,2,911,1
1,230,2,2000,1
1,230,2,3000,12
1,230,2,5000,42
1,230,2,6000,18
1,230,2,9000,1
1,231,2,112,3
1,231,2,134,2
1,231,2,216,1
1,231,2,234,1
1,231,2,235,1
1,231,2,241,1
1,231,2,242,1
1,231,2,311,1
1,231,2,322,1
1,231,2,334,1
1,231,2,411,2
1,231,2,422,1
1,231,2,531,2
1,231,2,732,1
1,231,2,3000,1
1,231,2,5000,13
1,231,2,6000,2
1,233,2,142,1
1,233,2,222,3
1,233,2,230,6
1,233,2,231,1
1,233,2,233,8
1,233,2,234,3
1,233,2,262,1
1,233,2,322,2
1,233,2,325,1
1,233,2,411,5
1,233,2,431,2
1,233,2,432,1
1,233,2,522,1
1,233,2,731,3
1,233,2,751,2
1,233,2,753,1
1,233,2,815,1
1,233,2,911,2
1,233,2,2000,3
1,233,2,3000,12
1,233,2,5000,28
1,233,2,6000,13
1,233,2,9000,1
1,234,2,230,4
1,234,2,233,4
1,234,2,234,7
1,234,2,235,1
1,234,2,325,2
1,234,2,411,2
1,234,2,431,1
1,234,2,731,2
1,234,2,751,2
1,234,2,753,2
1,234,2,911,2
1,234,2,931,1
1,234,2,3000,4
1,234,2,5000,18
1,234,2,6000,1
1,234,2,9000,1
1,235,2,112,2
1,235,2,221,1
1,235,2,230,5
1,235,2,231,1
1,235,2,234,4
1,235,2,235,1
1,235,2,321,1
1,235,2,322,1
1,235,2,421,1
1,235,2,522,2
1,235,2,523,1
1,235,2,541,1
1,235,2,731,4
1,235,2,751,1
1,235,2,3000,5
1,235,2,5000,16
1,235,2,6000,2
1,241,2,121,2
1,241,2,134,1
1,241,2,221,1
1,241,2,222,2
1,241,2,230,2
1,241,2,233,1
1,241,2,234,1
1,241,2,241,1
1,241,2,331,2
1,241,2,333,1
1,241,2,411,2
1,241,2,431,1
1,241,2,511,1
1,241,2,523,1
1,241,2,751,1
1,241,2,815,1
1,241,2,911,1
1,241,2,2000,1
1,241,2,3000,3
1,241,2,5000,21
1,242,2,112,1
1,242,2,221,1
1,242,2,230,1
1,242,2,422,1
1,242,2,2000,1
1,242,2,5000,2
1,242,2,6000,1
1,243,2,343,1
1,243,2,411,2
1,243,2,5000,1
1,243,2,6000,1
1,251,2,112,1
1,251,2,121,1
1,251,2,134,1
1,251,2,234,1
1,251,2,251,1
1,251,2,334,1
1,251,2,5000,1
1,261,2,111,1
1,261,2,112,3
1,261,2,134,1
1,261,2,222,1
1,261,2,230,3
1,261,2,233,1
1,261,2,234,1
1,261,2,235,1
1,261,2,322,1
1,261,2,335,1
1,261,2,341,2
1,261,2,411,1
1,261,2,422,1
1,261,2,522,2
1,261,2,611,1
1,261,2,751,2
1,261,2,753,1
1,261,2,3000,8
1,261,2,4000,1
1,261,2,5000,18
1,261,2,6000,10
1,261,2,9000,1
1,262,2,241,1
1,262,2,3000,1
1,263,2,142,1
1,263,2,216,1
1,263,2,230,3
1,263,2,231,1
1,263,2,233,1
1,263,2,234,4
1,263,2,235,1
1,263,2,263,1
1,263,2,334,1
1,263,2,411,2
1,263,2,512,1
1,263,2,522,1
1,263,2,524,1
1,263,2,611,1
1,263,2,731,9
1,263,2,751,4
1,263,2,753,2
1,263,2,961,1
1,263,2,2000,1
1,263,2,3000,14
1,263,2,4000,1
1,263,2,5000,30
1,263,2,6000,8
1,263,2,9000,2
1,264,2,234,1
1,264,2,264,2
1,264,2,411,2
1,264,2,751,2
1,264,2,753,2
1,264,2,2000,1
1,264,2,3000,1
1,264,2,5000,2
1,265,2,112,1
1,265,2,121,2
1,265,2,134,1
1,265,2,230,3
1,265,2,234,3
1,265,2,235,1
1,265,2,265,1
1,265,2,325,2
1,265,2,332,1
1,265,2,343,1
1,265,2,351,1
1,265,2,411,3
1,265,2,422,1
1,265,2,441,1
1,265,2,514,1
1,265,2,522,2
1,265,2,731,2
1,265,2,751,1
1,265,2,753,1
1,265,2,2000,1
1,265,2,3000,2
1,265,2,4000,1
1,265,2,5000,7
1,265,2,6000,2
1,311,2,112,4
1,311,2,121,2
1,311,2,134,2
1,311,2,142,1
1,311,2,211,1
1,311,2,222,2
1,311,2,230,9
1,311,2,231,1
1,311,2,233,3
1,311,2,234,11
1,311,2,235,3
1,311,2,241,1
1,311,2,263,1
1,311,2,265,1
1,311,2,311,1
1,311,2,321,1
1,311,2,322,3
1,311,2,325,4
1,311,2,331,1
1,311,2,332,1
1,311,2,334,5
1,311,2,335,1
1,311,2,341,1
1,311,2,342,1
1,311,2,411,18
1,311,2,412,1
1,311,2,422,4
1,311,2,431,2
1,311,2,441,1
1,311,2,511,1
1,311,2,513,1
1,311,2,522,7
1,311,2,523,1
1,311,2,541,2
1,311,2,611,2
1,311,2,731,11
1,311,2,751,14
1,311,2,753,7
1,311,2,815,1
1,311,2,911,4
1,311,2,921,1
1,311,2,941,1
1,311,2,961,5
1,311,2,2000,4
1,311,2,3000,55
1,311,2,3100,1
1,311,2,4000,1
1,311,2,5000,98
1,311,2,6000,7
1,311,2,9000,2
1,312,2,111,1
1,312,2,112,1
1,312,2,121,1
1,312,2,134,1
1,312,2,142,1
1,312,2,223,1
1,312,2,230,5
1,312,2,231,1
1,312,2,234,4
1,312,2,235,2
1,312,2,312,1
1,312,2,322,4
1,312,2,325,2
1,312,2,331,1
1,312,2,334,2
1,312,2,411,5
1,312,2,422,1
1,312,2,522,2
1,312,2,523,1
1,312,2,731,3
1,312,2,751,5
1,312,2,753,7
1,312,2,815,1
1,312,2,911,6
1,312,2,961,2
1,312,2,2000,3
1,312,2,3000,19
1,312,2,3100,1
1,312,2,5000,45
1,312,2,6000,15
1,312,2,9000,1
1,313,2,142,1
1,313,2,222,2
1,313,2,230,7
1,313,2,233,1
1,313,2,234,3
1,313,2,321,1
1,313,2,322,1
1,313,2,325,2
1,313,2,332,1
1,313,2,334,1
1,313,2,341,1
1,313,2,411,4
1,313,2,422,1
1,313,2,441,1
1,313,2,522,5
1,313,2,523,1
1,313,2,524,1
1,313,2,541,1
1,313,2,611,1
1,313,2,731,7
1,313,2,751,5
1,313,2,753,5
1,313,2,911,1
1,313,2,961,2
1,313,2,2000,5
1,313,2,3000,27
1,313,2,5000,54
1,313,2,6000,4
1,313,2,9000,3
1,314,2,235,1
1,315,2,111,2
1,315,2,112,2
1,315,2,132,1
1,315,2,134,2
1,315,2,142,4
1,315,2,214,2
1,315,2,216,2
1,315,2,221,1
1,315,2,222,2
1,315,2,230,16
1,315,2,231,2
1,315,2,233,6
1,315,2,234,8
1,315,2,235,3
1,315,2,241,1
1,315,2,242,2
1,315,2,261,1
1,315,2,315,3
1,315,2,321,1
1,315,2,322,3
1,315,2,325,4
1,315,2,334,8
1,315,2,335,2
1,315,2,341,1
1,315,2,351,1
1,315,2,411,24
1,315,2,422,2
1,315,2,512,4
1,315,2,513,2
1,315,2,522,11
1,315,2,523,5
1,315,2,524,1
1,315,2,532,2
1,315,2,541,3
1,315,2,611,3
1,315,2,711,1
1,315,2,731,22
1,315,2,751,39
1,315,2,753,18
1,315,2,815,4
1,315,2,911,18
1,315,2,933,1
1,315,2,961,6
1,315,2,2000,12
1,315,2,3000,89
1,315,2,5000,222
1,315,2,6000,20
1,315,2,9000,10
1,315,2,9999,3
1,321,2,230,2
1,321,2,321,1
1,321,2,322,1
1,321,2,422,1
1,321,2,541,1
1,321,2,3000,1
1,321,2,5000,6
1,321,2,6000,1
1,322,2,432,1
1,322,2,3000,1
1,322,2,6000,1
1,325,2,142,1
1,325,2,230,2
1,325,2,233,1
1,325,2,234,4
1,325,2,235,4
1,325,2,322,2
1,325,2,325,5
1,325,2,351,1
1,325,2,411,4
1,325,2,421,1
1,325,2,431,1
1,325,2,522,3
1,325,2,523,1
1,325,2,532,1
1,325,2,611,1
1,325,2,731,1
1,325,2,751,1
1,325,2,911,3
1,325,2,2000,1
1,325,2,3000,6
1,325,2,5000,14
1,325,2,6000,4
1,331,2,121,2
1,331,2,132,1
1,331,2,134,1
1,331,2,143,1
1,331,2,213,1
1,331,2,230,7
1,331,2,234,2
1,331,2,264,1
1,331,2,265,1
1,331,2,322,1
1,331,2,331,4
1,331,2,334,4
1,331,2,335,1
1,331,2,343,1
1,331,2,411,5
1,331,2,431,1
1,331,2,441,1
1,331,2,522,1
1,331,2,751,3
1,331,2,753,2
1,331,2,911,1
1,331,2,2000,1
1,331,2,3000,8
1,331,2,5000,22
1,331,2,6000,1
1,332,2,112,2
1,332,2,134,1
1,332,2,142,1
1,332,2,230,3
1,332,2,233,2
1,332,2,261,1
1,332,2,264,1
1,332,2,322,1
1,332,2,325,1
1,332,2,331,3
1,332,2,334,1
1,332,2,341,1
1,332,2,411,7
1,332,2,421,1
1,332,2,422,1
1,332,2,441,1
1,332,2,511,3
1,332,2,513,1
1,332,2,524,1
1,332,2,751,1
1,332,2,753,1
1,332,2,933,1
1,332,2,2000,2
1,332,2,3000,4
1,332,2,5000,11
1,332,2,6000,1
1,332,2,9000,2
1,333,2,112,1
1,333,2,411,1
1,333,2,421,1
1,333,2,522,2
1,333,2,5000,5
1,334,2,112,4
1,334,2,121,4
1,334,2,122,2
1,334,2,132,2
1,334,2,134,5
1,334,2,142,2
1,334,2,211,1
1,334,2,212,1
1,334,2,221,1
1,334,2,222,5
1,334,2,223,1
1,334,2,230,15
1,334,2,231,1
1,334,2,233,6
1,334,2,234,14
1,334,2,235,5
1,334,2,261,1
1,334,2,262,2
1,334,2,263,1
1,334,2,264,1
1,334,2,322,4
1,334,2,325,5
1,334,2,331,4
1,334,2,334,5
1,334,2,335,4
1,334,2,343,1
1,334,2,352,2
1,334,2,411,23
1,334,2,421,3
1,334,2,422,6
1,334,2,431,4
1,334,2,441,2
1,334,2,511,1
1,334,2,513,3
1,334,2,522,9
1,334,2,523,3
1,334,2,611,1
1,334,2,731,5
1,334,2,751,10
1,334,2,753,10
1,334,2,815,1
1,334,2,911,10
1,334,2,932,1
1,334,2,2000,8
1,334,2,3000,49
1,334,2,4000,2
1,334,2,5000,136
1,334,2,6000,13
1,334,2,9000,2
1,335,2,112,1
1,335,2,121,1
1,335,2,134,2
1,335,2,142,1
1,335,2,222,1
1,335,2,230,8
1,335,2,233,2
1,335,2,234,7
1,335,2,235,2
1,335,2,261,1
1,335,2,322,3
1,335,2,325,1
1,335,2,331,1
1,335,2,334,3
1,335,2,335,7
1,335,2,342,1
1,335,2,343,1
1,335,2,411,6
1,335,2,422,2
1,335,2,431,4
1,335,2,432,1
1,335,2,441,2
1,335,2,511,1
1,335,2,522,3
1,335,2,523,3
1,335,2,541,1
1,335,2,751,3
1,335,2,753,2
1,335,2,961,1
1,335,2,962,2
1,335,2,2000,2
1,335,2,3000,12
1,335,2,5000,44
1,335,2,6000,7
1,335,2,9000,4
1,341,2,233,1
1,341,2,234,2
1,341,2,321,1
1,341,2,325,1
1,341,2,332,1
1,341,2,411,3
1,341,2,422,1
1,341,2,731,1
1,341,2,753,2
1,341,2,911,1
1,341,2,2000,1
1,341,2,3000,1
1,341,2,5000,5
1,341,2,6000,2
1,342,2,112,1
1,342,2,132,1
1,342,2,134,3
1,342,2,222,1
1,342,2,230,1
1,342,2,234,1
1,342,2,261,1
1,342,2,322,1
1,342,2,325,1
1,342,2,331,1
1,342,2,334,1
1,342,2,342,3
1,342,2,411,3
1,342,2,422,1
1,342,2,431,1
1,342,2,511,1
1,342,2,522,1
1,342,2,523,1
1,342,2,541,1
1,342,2,731,2
1,342,2,753,3
1,342,2,911,1
1,342,2,933,1
1,342,2,2000,1
1,342,2,3000,6
1,342,2,5000,20
1,342,2,6000,2
1,343,2,121,2
1,343,2,230,4
1,343,2,231,3
1,343,2,234,2
1,343,2,235,1
1,343,2,264,1
1,343,2,322,1
1,343,2,334,3
1,343,2,411,4
1,343,2,422,4
1,343,2,522,3
1,343,2,523,1
1,343,2,531,1
1,343,2,532,1
1,343,2,751,4
1,343,2,753,2
1,343,2,911,2
1,343,2,2000,2
1,343,2,3000,9
1,343,2,4000,1
1,343,2,5000,19
1,343,2,6000,1
1,343,2,9000,1
1,351,2,112,2
1,351,2,122,1
1,351,2,142,1
1,351,2,216,1
1,351,2,221,1
1,351,2,222,1
1,351,2,230,5
1,351,2,231,1
1,351,2,234,7
1,351,2,241,3
1,351,2,243,1
1,351,2,261,1
1,351,2,262,1
1,351,2,264,1
1,351,2,321,1
1,351,2,325,3
1,351,2,331,1
1,351,2,332,1
1,351,2,334,2
1,351,2,335,1
1,351,2,341,1
1,351,2,342,1
1,351,2,351,1
1,351,2,411,9
1,351,2,413,1
1,351,2,421,1
1,351,2,422,4
1,351,2,431,1
1,351,2,441,1
1,351,2,511,1
1,351,2,522,6
1,351,2,523,1
1,351,2,541,1
1,351,2,731,1
1,351,2,751,7
1,351,2,753,3
1,351,2,911,1
1,351,2,2000,5
1,351,2,3000,12
1,351,2,4000,2
1,351,2,5000,41
1,351,2,9000,1
1,352,2,112,4
1,352,2,122,1
1,352,2,212,1
1,352,2,231,2
1,352,2,233,1
1,352,2,234,1
1,352,2,334,2
1,352,2,335,1
1,352,2,411,5
1,352,2,732,1
1,352,2,751,1
1,352,2,3000,3
1,352,2,5000,6
1,352,2,9000,4
1,411,2,111,1
1,411,2,112,3
1,411,2,121,2
1,411,2,141,2
1,411,2,142,2
1,411,2,143,1
1,411,2,222,2
1,411,2,226,1
1,411,2,230,25
1,411,2,231,1
1,411,2,233,6
1,411,2,234,22
1,411,2,235,7
1,411,2,262,2
1,411,2,263,2
1,411,2,321,2
1,411,2,322,7
1,411,2,325,1
1,411,2,331,5
1,411,2,332,3
1,411,2,333,2
1,411,2,334,4
1,411,2,335,4
1,411,2,341,1
1,411,2,411,41
1,411,2,412,1
1,411,2,422,9
1,411,2,431,3
1,411,2,441,1
1,411,2,511,2
1,411,2,514,1
1,411,2,522,11
1,411,2,523,4
1,411,2,524,2
1,411,2,532,2
1,411,2,541,3
1,411,2,611,4
1,411,2,711,1
1,411,2,731,13
1,411,2,751,15
1,411,2,753,7
1,411,2,815,1
1,411,2,911,9
1,411,2,961,2
1,411,2,2000,13
1,411,2,3000,48
1,411,2,4000,4
1,411,2,5000,134
1,411,2,6000,13
1,411,2,9000,6
1,412,2,112,1
1,412,2,9000,1
1,413,2,3000,1
1,413,2,5000,1
1,421,2,121,2
1,421,2,222,2
1,421,2,230,3
1,421,2,234,1
1,421,2,235,1
1,421,2,334,1
1,421,2,335,1
1,421,2,411,1
1,421,2,413,1
1,421,2,422,2
1,421,2,441,1
1,421,2,522,1
1,421,2,753,1
1,421,2,2000,1
1,421,2,3000,2
1,421,2,5000,8
1,422,2,122,2
1,422,2,132,1
1,422,2,222,1
1,422,2,230,3
1,422,2,234,4
1,422,2,331,1
1,422,2,334,2
1,422,2,411,7
1,422,2,422,1
1,422,2,432,1
1,422,2,522,2
1,422,2,523,2
1,422,2,541,1
1,422,2,731,1
1,422,2,751,4
1,422,2,753,1
1,422,2,911,1
1,422,2,2000,2
1,422,2,3000,8
1,422,2,4000,1
1,422,2,5000,19
1,422,2,6000,4
1,431,2,221,1
1,431,2,222,1
1,431,2,230,3
1,431,2,233,3
1,431,2,234,3
1,431,2,265,1
1,431,2,325,1
1,431,2,331,1
1,431,2,334,1
1,431,2,343,1
1,431,2,411,5
1,431,2,422,2
1,431,2,431,4
1,431,2,522,2
1,431,2,541,1
1,431,2,731,3
1,431,2,732,1
1,431,2,751,4
1,431,2,753,2
1,431,2,2000,2
1,431,2,3000,15
1,431,2,5000,23
1,431,2,6000,1
1,432,2,112,2
1,432,2,132,1
1,432,2,134,1
1,432,2,142,1
1,432,2,230,5
1,432,2,233,1
1,432,2,234,1
1,432,2,241,1
1,432,2,261,1
1,432,2,262,1
1,432,2,321,1
1,432,2,325,1
1,432,2,331,1
1,432,2,341,2
1,432,2,343,1
1,432,2,352,1
1,432,2,411,8
1,432,2,412,1
1,432,2,431,2
1,432,2,441,1
1,432,2,511,2
1,432,2,522,3
1,432,2,523,2
1,432,2,622,1
1,432,2,731,1
1,432,2,751,2
1,432,2,753,3
1,432,2,911,3
1,432,2,961,1
1,432,2,2000,6
1,432,2,3000,14
1,432,2,5000,44
1,432,2,6000,5
1,441,2,234,1
1,441,2,235,1
1,441,2,321,1
1,441,2,322,2
1,441,2,325,2
1,441,2,411,4
1,441,2,422,3
1,441,2,441,1
1,441,2,522,1
1,441,2,753,1
1,441,2,911,1
1,441,2,3000,5
1,441,2,4000,1
1,441,2,5000,7
1,511,2,111,1
1,511,2,112,2
1,511,2,122,1
1,511,2,222,1
1,511,2,230,6
1,511,2,233,1
1,511,2,234,3
1,511,2,235,1
1,511,2,322,2
1,511,2,331,1
1,511,2,333,1
1,511,2,334,1
1,511,2,335,1
1,511,2,411,6
1,511,2,413,1
1,511,2,421,1
1,511,2,422,2
1,511,2,431,1
1,511,2,511,5
1,511,2,513,1
1,511,2,522,7
1,511,2,523,3
1,511,2,541,1
1,511,2,731,2
1,511,2,751,5
1,511,2,753,2
1,511,2,815,1
1,511,2,911,2
1,511,2,941,1
1,511,2,2000,5
1,511,2,3000,16
1,511,2,5000,47
1,511,2,6000,6
1,511,2,9000,1
1,512,2,141,1
1,512,2,234,1
1,512,2,411,2
1,512,2,431,1
1,512,2,512,3
1,512,2,521,1
1,512,2,751,5
1,512,2,753,1
1,512,2,911,3
1,512,2,2000,3
1,512,2,3000,5
1,512,2,5000,7
1,512,2,6000,3
1,513,2,142,1
1,513,2,226,1
1,513,2,230,2
1,513,2,234,6
1,513,2,235,2
1,513,2,241,1
1,513,2,334,1
1,513,2,411,5
1,513,2,421,1
1,513,2,422,4
1,513,2,431,1
1,513,2,511,1
1,513,2,513,2
1,513,2,522,5
1,513,2,523,1
1,513,2,531,1
1,513,2,541,2
1,513,2,622,1
1,513,2,731,4
1,513,2,751,6
1,513,2,753,7
1,513,2,815,1
1,513,2,911,1
1,513,2,941,2
1,513,2,961,2
1,513,2,2000,6
1,513,2,3000,16
1,513,2,3100,1
1,513,2,4000,1
1,513,2,5000,34
1,513,2,6000,3
1,513,2,9000,5
1,514,2,325,1
1,514,2,515,1
1,514,2,2000,1
1,514,2,3000,1
1,514,2,5000,1
1,514,2,6000,3
1,515,2,230,1
1,515,2,233,2
1,515,2,234,4
1,515,2,235,1
1,515,2,322,1
1,515,2,325,2
1,515,2,335,1
1,515,2,411,3
1,515,2,422,2
1,515,2,522,1
1,515,2,531,1
1,515,2,731,1
1,515,2,751,4
1,515,2,753,2
1,515,2,815,1
1,515,2,911,3
1,515,2,2000,2
1,515,2,3000,5
1,515,2,5000,37
1,515,2,6000,3
1,515,2,9000,1
1,516,2,753,1
1,521,2,112,1
1,521,2,521,1
1,521,2,532,1
1,521,2,911,1
1,521,2,5000,4
1,522,2,112,1
1,522,2,134,3
1,522,2,142,2
1,522,2,143,2
1,522,2,222,2
1,522,2,226,1
1,522,2,230,13
1,522,2,233,1
1,522,2,234,10
1,522,2,235,2
1,522,2,265,3
1,522,2,321,2
1,522,2,322,1
1,522,2,331,1
1,522,2,332,1
1,522,2,334,3
1,522,2,335,1
1,522,2,351,1
1,522,2,411,14
1,522,2,421,3
1,522,2,422,2
1,522,2,431,3
1,522,2,441,1
1,522,2,511,1
1,522,2,512,2
1,522,2,522,52
1,522,2,524,1
1,522,2,532,2
1,522,2,541,1
1,522,2,611,4
1,522,2,711,1
1,522,2,731,13
1,522,2,732,1
1,522,2,751,22
1,522,2,753,8
1,522,2,754,1
1,522,2,815,1
1,522,2,911,13
1,522,2,962,1
1,522,2,2000,8
1,522,2,2100,1
1,522,2,3000,45
1,522,2,4000,1
1,522,2,5000,119
1,522,2,6000,22
1,522,2,9000,6
1,523,2,121,1
1,523,2,142,1
1,523,2,212,1
1,523,2,230,2
1,523,2,233,1
1,523,2,234,4
1,523,2,235,1
1,523,2,322,2
1,523,2,332,1
1,523,2,334,1
1,523,2,341,1
1,523,2,343,1
1,523,2,411,1
1,523,2,513,1
1,523,2,523,3
1,523,2,751,1
1,523,2,911,1
1,523,2,2000,1
1,523,2,3000,14
1,523,2,4000,1
1,523,2,5000,37
1,523,2,6000,4
1,523,2,9000,3
1,524,2,112,1
1,524,2,121,1
1,524,2,230,3
1,524,2,234,1
1,524,2,241,1
1,524,2,264,1
1,524,2,321,1
1,524,2,325,1
1,524,2,332,2
1,524,2,334,1
1,524,2,422,1
1,524,2,522,4
1,524,2,524,3
1,524,2,531,1
1,524,2,711,1
1,524,2,751,3
1,524,2,753,2
1,524,2,911,3
1,524,2,962,1
1,524,2,2000,1
1,524,2,3000,7
1,524,2,5000,15
1,531,2,531,1
1,531,2,753,1
1,532,2,532,2
1,532,2,611,1
1,532,2,731,1
1,532,2,751,1
1,532,2,961,1
1,532,2,2000,1
1,532,2,3000,1
1,532,2,5000,6
1,541,2,112,3
1,541,2,121,6
1,541,2,122,1
1,541,2,134,4
1,541,2,142,1
1,541,2,211,1
1,541,2,221,1
1,541,2,222,4
1,541,2,226,1
1,541,2,230,23
1,541,2,233,9
1,541,2,234,26
1,541,2,235,8
1,541,2,241,1
1,541,2,262,3
1,541,2,264,1
1,541,2,321,4
1,541,2,322,12
1,541,2,325,7
1,541,2,331,5
1,541,2,332,2
1,541,2,334,12
1,541,2,335,5
1,541,2,341,1
1,541,2,343,1
1,541,2,411,28
1,541,2,421,1
1,541,2,422,15
1,541,2,431,7
1,541,2,432,2
1,541,2,441,1
1,541,2,511,3
1,541,2,512,5
1,541,2,516,1
1,541,2,522,26
1,541,2,523,9
1,541,2,524,2
1,541,2,531,1
1,541,2,532,1
1,541,2,541,19
1,541,2,611,9
1,541,2,731,30
1,541,2,751,43
1,541,2,753,21
1,541,2,815,4
1,541,2,911,38
1,541,2,921,1
1,541,2,951,1
1,541,2,961,9
1,541,2,962,2
1,541,2,2000,23
1,541,2,2100,2
1,541,2,3000,117
1,541,2,3100,1
1,541,2,4000,4
1,541,2,5000,302
1,541,2,6000,27
1,541,2,9000,12
1,611,2,142,1
1,611,2,222,1
1,611,2,230,1
1,611,2,234,5
1,611,2,235,1
1,611,2,261,1
1,611,2,325,2
1,611,2,334,1
1,611,2,411,4
1,611,2,422,1
1,611,2,431,1
1,611,2,522,1
1,611,2,611,41
1,611,2,622,1
1,611,2,731,17
1,611,2,751,15
1,611,2,753,4
1,611,2,911,5
1,611,2,921,1
1,611,2,2000,1
1,611,2,3000,10
1,611,2,5000,39
1,611,2,6000,11
1,611,2,9000,2
1,612,2,234,1
1,612,2,731,1
1,612,2,753,1
1,621,2,233,1
1,622,2,111,2
1,622,2,134,4
1,622,2,142,4
1,622,2,216,1
1,622,2,222,3
1,622,2,230,44
1,622,2,233,4
1,622,2,234,33
1,622,2,235,10
1,622,2,262,2
1,622,2,263,2
1,622,2,321,2
1,622,2,322,7
1,622,2,325,19
1,622,2,331,2
1,622,2,334,9
1,622,2,341,3
1,622,2,343,2
1,622,2,351,1
1,622,2,411,44
1,622,2,422,5
1,622,2,431,8
1,622,2,432,1
1,622,2,511,1
1,622,2,512,14
1,622,2,513,3
1,622,2,522,33
1,622,2,523,4
1,622,2,524,1
1,622,2,531,11
1,622,2,532,9
1,622,2,541,11
1,622,2,611,39
1,622,2,612,1
1,622,2,622,13
1,622,2,722,1
1,622,2,731,242
1,622,2,751,205
1,622,2,753,66
1,622,2,815,8
1,622,2,911,138
1,622,2,921,2
1,622,2,931,1
1,622,2,941,2
1,622,2,951,2
1,622,2,961,72
1,622,2,962,4
1,622,2,2000,61
1,622,2,3000,489
1,622,2,4000,5
1,622,2,5000,841
1,622,2,6000,39
1,622,2,9000,32
1,711,2,111,1
1,711,2,112,3
1,711,2,122,2
1,711,2,134,3
1,711,2,142,5
1,711,2,222,1
1,711,2,226,3
1,711,2,230,12
1,711,2,233,2
1,711,2,234,13
1,711,2,235,11
1,711,2,262,1
1,711,2,263,2
1,711,2,311,1
1,711,2,321,1
1,711,2,322,3
1,711,2,325,5
1,711,2,331,2
1,711,2,334,2
1,711,2,341,1
1,711,2,343,2
1,711,2,351,1
1,711,2,411,14
1,711,2,422,3
1,711,2,512,5
1,711,2,513,2
1,711,2,522,11
1,711,2,523,1
1,711,2,531,1
1,711,2,532,1
1,711,2,541,2
1,711,2,611,7
1,711,2,711,2
1,711,2,731,76
1,711,2,751,36
1,711,2,753,17
1,711,2,815,2
1,711,2,911,39
1,711,2,933,1
1,711,2,961,14
1,711,2,962,1
1,711,2,2000,10
1,711,2,3000,86
1,711,2,5000,173
1,711,2,6000,31
1,711,2,9000,11
1,712,2,121,1
1,712,2,142,1
1,712,2,230,3
1,712,2,233,1
1,712,2,234,1
1,712,2,411,6
1,712,2,422,2
1,712,2,511,1
1,712,2,522,1
1,712,2,523,1
1,712,2,531,2
1,712,2,751,5
1,712,2,753,3
1,712,2,911,1
1,712,2,961,2
1,712,2,2000,1
1,712,2,3000,9
1,712,2,4000,1
1,712,2,5000,33
1,712,2,6000,2
1,712,2,9999,1
1,713,2,233,1
1,713,2,264,1
1,713,2,325,1
1,713,2,411,1
1,713,2,511,1
1,713,2,731,1
1,713,2,751,1
1,713,2,753,1
1,713,2,3000,3
1,713,2,5000,4
1,713,2,6000,1
1,721,2,134,1
1,721,2,142,2
1,721,2,230,2
1,721,2,234,3
1,721,2,242,1
1,721,2,331,1
1,721,2,334,1
1,721,2,431,1
1,721,2,611,1
1,721,2,751,5
1,721,2,753,5
1,721,2,815,2
1,721,2,911,4
1,721,2,961,1
1,721,2,3000,11
1,721,2,3100,1
1,721,2,5000,22
1,721,2,6000,1
1,722,2,751,1
1,722,2,961,1
1,722,2,5000,6
1,722,2,6000,1
1,723,2,134,1
1,723,2,141,1
1,723,2,230,7
1,723,2,234,1
1,723,2,235,2
1,723,2,241,1
1,723,2,242,1
1,723,2,322,1
1,723,2,325,1
1,723,2,334,1
1,723,2,335,3
1,723,2,411,5
1,723,2,422,3
1,723,2,431,2
1,723,2,432,1
1,723,2,511,1
1,723,2,522,3
1,723,2,523,1
1,723,2,611,2
1,723,2,731,2
1,723,2,751,6
1,723,2,753,2
1,723,2,911,3
1,723,2,2000,2
1,723,2,3000,10
1,723,2,5000,45
1,723,2,6000,3
1,723,2,9000,2
1,723,2,9999,1
1,731,2,121,1
1,731,2,134,1
1,731,2,230,2
1,731,2,234,2
1,731,2,325,1
1,731,2,523,1
1,731,2,622,1
1,731,2,731,25
1,731,2,751,2
1,731,2,753,1
1,731,2,911,2
1,731,2,961,1
1,731,2,2000,3
1,731,2,3000,1
1,731,2,5000,14
1,731,2,6000,1
1,732,2,230,2
1,732,2,233,1
1,732,2,234,1
1,732,2,322,1
1,732,2,411,2
1,732,2,751,2
1,732,2,753,1
1,732,2,3000,3
1,732,2,5000,4
1,741,2,142,1
1,741,2,233,1
1,741,2,234,4
1,741,2,235,3
1,741,2,311,1
1,741,2,322,1
1,741,2,325,2
1,741,2,334,1
1,741,2,411,1
1,741,2,422,2
1,741,2,441,2
1,741,2,511,1
1,741,2,523,1
1,741,2,524,1
1,741,2,711,1
1,741,2,731,1
1,741,2,751,5
1,741,2,815,1
1,741,2,911,2
1,741,2,2000,2
1,741,2,3000,8
1,741,2,5000,19
1,742,2,111,1
1,742,2,230,2
1,742,2,231,1
1,742,2,331,1
1,742,2,411,4
1,742,2,522,1
1,742,2,523,1
1,742,2,3000,1
1,742,2,4000,1
1,742,2,5000,20
1,751,2,334,2
1,751,2,422,2
1,751,2,431,1
1,751,2,522,2
1,751,2,731,5
1,751,2,751,37
1,751,2,815,2
1,751,2,911,3
1,751,2,921,2
1,751,2,961,3
1,751,2,3000,3
1,751,2,5000,16
1,751,2,6000,2
1,751,2,9000,1
1,752,2,5000,1
1,753,2,111,1
1,753,2,230,1
1,753,2,522,1
1,753,2,731,1
1,753,2,751,3
1,753,2,753,1
1,753,2,911,1
1,753,2,961,1
1,753,2,3000,1
1,753,2,5000,5
1,753,2,6000,3
1,754,2,121,1
1,754,2,216,1
1,754,2,230,2
1,754,2,234,4
1,754,2,242,1
1,754,2,325,1
1,754,2,334,1
1,754,2,411,2
1,754,2,422,1
1,754,2,431,1
1,754,2,523,1
1,754,2,531,1
1,754,2,611,1
1,754,2,731,2
1,754,2,751,4
1,754,2,753,2
1,754,2,754,1
1,754,2,921,1
1,754,2,961,1
1,754,2,2000,2
1,754,2,3000,9
1,754,2,4000,2
1,754,2,5000,24
1,754,2,6000,1
1,811,2,230,1
1,811,2,522,1
1,811,2,731,2
1,811,2,751,1
1,811,2,753,1
1,811,2,3000,2
1,811,2,5000,3
1,813,2,5000,1
1,815,2,226,1
1,815,2,230,1
1,815,2,262,1
1,815,2,522,1
1,815,2,731,1
1,815,2,753,2
1,815,2,911,2
1,815,2,961,2
1,815,2,3000,8
1,815,2,5000,6
1,818,2,111,1
1,818,2,121,1
1,818,2,230,1
1,818,2,234,1
1,818,2,335,1
1,818,2,411,1
1,818,2,522,1
1,818,2,731,1
1,818,2,751,2
1,818,2,753,1
1,818,2,911,2
1,818,2,2000,1
1,818,2,3000,7
1,818,2,5000,4
1,818,2,6000,1
1,832,2,112,1
1,832,2,121,2
1,832,2,134,1
1,832,2,142,2
1,832,2,222,4
1,832,2,226,1
1,832,2,230,7
1,832,2,231,1
1,832,2,233,6
1,832,2,234,9
1,832,2,235,3
1,832,2,262,1
1,832,2,321,1
1,832,2,322,7
1,832,2,325,2
1,832,2,334,4
1,832,2,411,19
1,832,2,422,5
1,832,2,431,1
1,832,2,432,1
1,832,2,512,1
1,832,2,515,1
1,832,2,522,9
1,832,2,523,2
1,832,2,524,1
1,832,2,541,2
1,832,2,611,1
1,832,2,731,9
1,832,2,751,15
1,832,2,753,16
1,832,2,815,1
1,832,2,832,1
1,832,2,911,13
1,832,2,961,2
1,832,2,2000,7
1,832,2,2100,1
1,832,2,3000,73
1,832,2,5000,141
1,832,2,6000,18
1,832,2,9000,7
1,833,2,121,1
1,833,2,122,1
1,833,2,230,2
1,833,2,234,2
1,833,2,235,1
1,833,2,325,2
1,833,2,334,2
1,833,2,411,2
1,833,2,432,2
1,833,2,441,1
1,833,2,512,1
1,833,2,513,1
1,833,2,522,4
1,833,2,523,1
1,833,2,731,3
1,833,2,751,9
1,833,2,753,4
1,833,2,911,7
1,833,2,921,1
1,833,2,2000,4
1,833,2,3000,28
1,833,2,4000,2
1,833,2,5000,49
1,833,2,6000,4
1,833,2,9000,6
1,834,2,133,1
1,834,2,134,1
1,834,2,230,1
1,834,2,523,1
1,834,2,751,1
1,834,2,3000,2
1,834,2,5000,5
1,834,2,6000,1
1,835,2,111,1
1,835,2,112,1
1,835,2,142,1
1,835,2,230,3
1,835,2,231,1
1,835,2,233,2
1,835,2,234,5
1,835,2,235,4
1,835,2,322,2
1,835,2,325,4
1,835,2,331,1
1,835,2,334,2
1,835,2,411,5
1,835,2,422,1
1,835,2,431,2
1,835,2,512,1
1,835,2,522,7
1,835,2,523,1
1,835,2,524,1
1,835,2,531,2
1,835,2,532,2
1,835,2,611,4
1,835,2,622,2
1,835,2,731,26
1,835,2,751,21
1,835,2,753,7
1,835,2,911,14
1,835,2,921,1
1,835,2,961,4
1,835,2,2000,6
1,835,2,3000,50
1,835,2,4000,1
1,835,2,5000,95
1,835,2,6000,5
1,835,2,9000,1
1,911,2,111,1
1,911,2,134,1
1,911,2,142,4
1,911,2,230,10
1,911,2,233,1
1,911,2,234,9
1,911,2,235,6
1,911,2,241,1
1,911,2,262,1
1,911,2,263,1
1,911,2,313,1
1,911,2,322,1
1,911,2,323,1
1,911,2,325,5
1,911,2,331,1
1,911,2,334,7
1,911,2,335,1
1,911,2,411,18
1,911,2,412,1
1,911,2,431,3
1,911,2,441,1
1,911,2,512,3
1,911,2,513,1
1,911,2,522,16
1,911,2,523,1
1,911,2,524,1
1,911,2,531,3
1,911,2,532,4
1,911,2,541,5
1,911,2,611,8
1,911,2,731,44
1,911,2,751,40
1,911,2,753,26
1,911,2,811,1
1,911,2,815,3
1,911,2,832,1
1,911,2,911,53
1,911,2,921,1
1,911,2,961,17
1,911,2,2000,17
1,911,2,3000,89
1,911,2,4000,1
1,911,2,5000,201
1,911,2,6000,16
1,911,2,9000,6
1,912,2,234,1
1,912,2,5000,1
1,921,2,230,2
1,921,2,611,1
1,921,2,731,4
1,921,2,751,1
1,921,2,921,1
1,921,2,961,1
1,921,2,3000,3
1,921,2,5000,4
1,921,2,9000,2
1,931,2,142,1
1,931,2,222,1
1,931,2,226,1
1,931,2,230,1
1,931,2,233,1
1,931,2,234,2
1,931,2,235,2
1,931,2,334,4
1,931,2,352,1
1,931,2,411,3
1,931,2,512,2
1,931,2,522,3
1,931,2,531,1
1,931,2,731,7
1,931,2,751,9
1,931,2,753,3
1,931,2,911,6
1,931,2,961,4
1,931,2,2000,2
1,931,2,3000,26
1,931,2,4000,2
1,931,2,5000,44
1,931,2,6000,5
1,932,2,411,2
1,932,2,522,1
1,932,2,531,1
1,932,2,731,3
1,932,2,751,1
1,932,2,753,1
1,932,2,911,1
1,932,2,932,1
1,932,2,961,2
1,932,2,2000,2
1,932,2,3000,1
1,932,2,5000,9
1,932,2,6000,1
1,933,2,112,1
1,933,2,142,2
1,933,2,230,3
1,933,2,233,1
1,933,2,235,3
1,933,2,325,1
1,933,2,332,1
1,933,2,334,1
1,933,2,341,1
1,933,2,351,1
1,933,2,411,14
1,933,2,422,2
1,933,2,431,3
1,933,2,511,1
1,933,2,512,1
1,933,2,515,1
1,933,2,522,9
1,933,2,523,6
1,933,2,531,1
1,933,2,532,1
1,933,2,541,3
1,933,2,731,1
1,933,2,751,9
1,933,2,753,8
1,933,2,911,13
1,933,2,921,2
1,933,2,933,1
1,933,2,941,1
1,933,2,962,1
1,933,2,2000,5
1,933,2,3000,29
1,933,2,5000,63
1,933,2,6000,11
1,933,2,9000,6
1,941,2,230,1
1,941,2,731,1
1,941,2,751,1
1,941,2,911,2
1,941,2,2000,2
1,941,2,3000,4
1,941,2,5000,7
1,941,2,6000,1
1,961,2,323,1
1,961,2,541,1
1,961,2,751,4
1,961,2,753,1
1,961,2,911,1
1,961,2,961,4
1,961,2,3000,3
1,961,2,5000,8
1,961,2,6000,2
1,962,2,111,1
1,962,2,121,1
1,962,2,230,4
1,962,2,233,1
1,962,2,334,1
1,962,2,411,3
1,962,2,422,3
1,962,2,522,3
1,962,2,524,1
1,962,2,532,1
1,962,2,611,2
1,962,2,731,1
1,962,2,751,8
1,962,2,753,2
1,962,2,911,1
1,962,2,961,3
1,962,2,2000,2
1,962,2,3000,22
1,962,2,5000,31
1,962,2,6000,4
1,962,2,9000,1
1,999,2,112,1
1,999,2,121,1
1,999,2,122,2
1,999,2,134,2
1,999,2,142,1
1,999,2,230,5
1,999,2,233,1
1,999,2,234,2
1,999,2,242,1
1,999,2,261,1
1,999,2,263,1
1,999,2,321,1
1,999,2,322,1
1,999,2,331,1
1,999,2,332,1
1,999,2,334,2
1,999,2,411,12
1,999,2,421,1
1,999,2,431,1
1,999,2,522,4
1,999,2,523,2
1,999,2,524,1
1,999,2,611,2
1,999,2,711,1
1,999,2,731,1
1,999,2,751,8
1,999,2,753,3
1,999,2,911,5
1,999,2,941,1
1,999,2,961,1
1,999,2,2000,1
1,999,2,3000,18
1,999,2,4000,1
1,999,2,5000,59
1,999,2,6000,7
1,999,2,9000,4
1,1100,2,112,2
1,1100,2,230,1
1,1100,2,233,1
1,1100,2,262,1
1,1100,2,334,1
1,1100,2,335,1
1,1100,2,411,2
1,1100,2,5000,1
1,2000,2,111,1
1,2000,2,112,1
1,2000,2,121,2
1,2000,2,134,1
1,2000,2,141,1
1,2000,2,222,3
1,2000,2,230,11
1,2000,2,233,4
1,2000,2,234,9
1,2000,2,235,4
1,2000,2,241,2
1,2000,2,264,1
1,2000,2,321,1
1,2000,2,322,2
1,2000,2,325,5
1,2000,2,332,1
1,2000,2,334,5
1,2000,2,335,2
1,2000,2,342,2
1,2000,2,411,11
1,2000,2,421,1
1,2000,2,422,3
1,2000,2,431,5
1,2000,2,432,1
1,2000,2,441,1
1,2000,2,522,9
1,2000,2,523,5
1,2000,2,524,4
1,2000,2,531,2
1,2000,2,731,8
1,2000,2,732,1
1,2000,2,751,9
1,2000,2,753,8
1,2000,2,815,1
1,2000,2,911,14
1,2000,2,961,2
1,2000,2,2000,33
1,2000,2,3000,40
1,2000,2,5000,98
1,2000,2,6000,8
1,2000,2,9999,1
1,2100,2,111,2
1,2100,2,112,1
1,2100,2,121,2
1,2100,2,122,1
1,2100,2,134,1
1,2100,2,142,1
1,2100,2,222,1
1,2100,2,230,4
1,2100,2,234,3
1,2100,2,235,1
1,2100,2,261,1
1,2100,2,262,1
1,2100,2,321,1
1,2100,2,325,1
1,2100,2,331,2
1,2100,2,332,1
1,2100,2,334,6
1,2100,2,341,1
1,2100,2,411,13
1,2100,2,421,1
1,2100,2,422,2
1,2100,2,431,3
1,2100,2,432,1
1,2100,2,524,1
1,2100,2,541,2
1,2100,2,751,5
1,2100,2,753,6
1,2100,2,911,3
1,2100,2,2000,4
1,2100,2,2100,4
1,2100,2,3000,8
1,2100,2,3100,2
1,2100,2,4000,1
1,2100,2,5000,35
1,3000,2,111,1
1,3000,2,112,1
1,3000,2,121,1
1,3000,2,132,1
1,3000,2,134,1
1,3000,2,222,2
1,3000,2,230,8
1,3000,2,233,5
1,3000,2,234,3
1,3000,2,235,2
1,3000,2,262,1
1,3000,2,322,8
1,3000,2,325,3
1,3000,2,334,1
1,3000,2,341,3
1,3000,2,342,1
1,3000,2,343,1
1,3000,2,411,11
1,3000,2,422,2
1,3000,2,431,2
1,3000,2,441,1
1,3000,2,522,9
1,3000,2,523,1
1,3000,2,531,2
1,3000,2,611,1
1,3000,2,721,1
1,3000,2,731,13
1,3000,2,732,1
1,3000,2,751,12
1,3000,2,753,9
1,3000,2,754,1
1,3000,2,911,7
1,3000,2,931,1
1,3000,2,961,1
1,3000,2,2000,6
1,3000,2,3000,68
1,3000,2,5000,72
1,3000,2,6000,11
1,3000,2,9000,4
1,3100,2,112,2
1,3100,2,121,2
1,3100,2,122,1
1,3100,2,134,2
1,3100,2,142,1
1,3100,2,222,2
1,3100,2,226,1
1,3100,2,230,6
1,3100,2,231,1
1,3100,2,233,9
1,3100,2,234,11
1,3100,2,241,1
1,3100,2,262,1
1,3100,2,313,1
1,3100,2,321,1
1,3100,2,322,2
1,3100,2,325,3
1,3100,2,331,2
1,3100,2,332,2
1,3100,2,334,4
1,3100,2,341,1
1,3100,2,343,1
1,3100,2,411,16
1,3100,2,422,2
1,3100,2,441,1
1,3100,2,512,1
1,3100,2,522,7
1,3100,2,523,1
1,3100,2,524,2
1,3100,2,541,1
1,3100,2,731,2
1,3100,2,751,5
1,3100,2,753,6
1,3100,2,811,1
1,3100,2,815,1
1,3100,2,911,3
1,3100,2,921,1
1,3100,2,2000,4
1,3100,2,2100,1
1,3100,2,3000,32
1,3100,2,3100,2
1,3100,2,4000,2
1,3100,2,5000,68
1,3100,2,6000,3
1,3100,2,9000,2
1,4000,2,121,1
1,4000,2,134,1
1,4000,2,216,1
1,4000,2,230,1
1,4000,2,422,1
1,4000,2,731,1
1,4000,2,751,1
1,4000,2,753,1
1,4000,2,3000,5
1,4000,2,5000,4
1,4000,2,9000,1
1,5000,2,111,3
1,5000,2,112,3
1,5000,2,121,1
1,5000,2,122,1
1,5000,2,133,1
1,5000,2,134,4
1,5000,2,143,2
1,5000,2,214,1
1,5000,2,222,4
1,5000,2,224,1
1,5000,2,226,2
1,5000,2,230,15
1,5000,2,233,5
1,5000,2,234,4
1,5000,2,235,10
1,5000,2,241,1
1,5000,2,263,1
1,5000,2,312,1
1,5000,2,321,2
1,5000,2,322,2
1,5000,2,325,5
1,5000,2,331,4
1,5000,2,334,2
1,5000,2,335,1
1,5000,2,411,6
1,5000,2,422,4
1,5000,2,431,1
1,5000,2,441,1
1,5000,2,511,1
1,5000,2,512,1
1,5000,2,522,8
1,5000,2,524,1
1,5000,2,531,1
1,5000,2,532,1
1,5000,2,541,5
1,5000,2,611,7
1,5000,2,622,2
1,5000,2,723,1
1,5000,2,731,34
1,5000,2,751,25
1,5000,2,753,10
1,5000,2,815,2
1,5000,2,832,2
1,5000,2,911,38
1,5000,2,961,13
1,5000,2,2000,8
1,5000,2,3000,44
1,5000,2,4000,2
1,5000,2,5000,223
1,5000,2,6000,11
1,5000,2,9000,2
1,9000,2,121,2
1,9000,2,222,5
1,9000,2,226,1
1,9000,2,230,5
1,9000,2,233,2
1,9000,2,234,2
1,9000,2,235,1
1,9000,2,315,1
1,9000,2,411,2
1,9000,2,522,3
1,9000,2,523,1
1,9000,2,524,1
1,9000,2,622,1
1,9000,2,731,4
1,9000,2,751,4
1,9000,2,753,2
1,9000,2,832,1
1,9000,2,911,2
1,9000,2,3000,11
1,9000,2,4000,1
1,9000,2,5000,24
1,9000,2,6000,1
1,9000,2,9000,26
1,9999,2,121,1
1,9999,2,134,1
1,9999,2,142,1
1,9999,2,230,2
1,9999,2,231,1
1,9999,2,234,2
1,9999,2,235,1
1,9999,2,261,2
1,9999,2,263,1
1,9999,2,321,1
1,9999,2,322,1
1,9999,2,331,1
1,9999,2,334,1
1,9999,2,341,1
1,9999,2,411,2
1,9999,2,421,1
1,9999,2,514,1
1,9999,2,541,3
1,9999,2,731,9
1,9999,2,751,4
1,9999,2,753,3
1,9999,2,911,3
1,9999,2,961,1
1,9999,2,2000,1
1,9999,2,3000,3
1,9999,2,4000,3
1,9999,2,5000,35
1,9999,2,9000,2
1,9999,2,9999,19
2,111,1,111,5
2,111,1,112,13
2,111,1,121,1
2,111,1,122,2
2,111,1,132,1
2,111,1,133,1
2,111,1,142,3
2,111,1,143,1
2,111,1,216,1
2,111,1,221,1
2,111,1,230,1
2,111,1,231,1
2,111,1,233,1
2,111,1,241,1
2,111,1,261,1
2,111,1,265,1
2,111,1,311,4
2,111,1,313,1
2,111,1,315,3
2,111,1,334,1
2,111,1,335,2
2,111,1,351,2
2,111,1,411,1
2,111,1,422,1
2,111,1,512,1
2,111,1,524,1
2,111,1,541,4
2,111,1,611,2
2,111,1,622,5
2,111,1,711,3
2,111,1,731,1
2,111,1,832,1
2,111,1,835,1
2,111,1,911,3
2,111,1,933,1
2,111,1,2000,1
2,111,1,3000,2
2,111,1,3100,3
2,111,1,5000,1
2,111,1,6000,4
2,112,1,111,4
2,112,1,112,89
2,112,1,121,4
2,112,1,122,5
2,112,1,132,6
2,112,1,134,6
2,112,1,141,4
2,112,1,142,12
2,112,1,143,7
2,112,1,214,1
2,112,1,216,2
2,112,1,221,8
2,112,1,222,1
2,112,1,226,1
2,112,1,230,2
2,112,1,231,2
2,112,1,233,1
2,112,1,234,1
2,112,1,235,1
2,112,1,241,4
2,112,1,242,2
2,112,1,251,1
2,112,1,261,2
2,112,1,264,4
2,112,1,265,2
2,112,1,311,5
2,112,1,312,1
2,112,1,313,3
2,112,1,315,1
2,112,1,331,2
2,112,1,332,1
2,112,1,334,8
2,112,1,335,8
2,112,1,351,8
2,112,1,411,7
2,112,1,412,1
2,112,1,432,1
2,112,1,441,1
2,112,1,511,1
2,112,1,522,1
2,112,1,523,1
2,112,1,541,9
2,112,1,711,2
2,112,1,712,1
2,112,1,741,1
2,112,1,1100,2
2,112,1,2000,3
2,112,1,2100,5
2,112,1,3000,3
2,112,1,3100,5
2,112,1,5000,6
2,112,1,6000,7
2,112,1,9000,2
2,121,1,111,1
2,121,1,112,22
2,121,1,121,17
2,121,1,122,6
2,121,1,132,3
2,121,1,133,3
2,121,1,134,4
2,121,1,142,4
2,121,1,143,4
2,121,1,214,1
2,121,1,216,2
2,121,1,233,1
2,121,1,241,4
2,121,1,265,3
2,121,1,311,1
2,121,1,312,2
2,121,1,315,2
2,121,1,331,3
2,121,1,332,3
2,121,1,334,5
2,121,1,335,3
2,121,1,342,1
2,121,1,343,1
2,121,1,351,8
2,121,1,352,3
2,121,1,411,5
2,121,1,431,2
2,121,1,511,5
2,121,1,522,4
2,121,1,523,1
2,121,1,541,13
2,121,1,741,1
2,121,1,832,2
2,121,1,833,1
2,121,1,834,1
2,121,1,911,2
2,121,1,933,2
2,121,1,962,2
2,121,1,2000,6
2,121,1,2100,3
2,121,1,3000,1
2,121,1,3100,6
2,121,1,5000,7
2,121,1,6000,3
2,122,1,112,10
2,122,1,122,5
2,122,1,132,3
2,122,1,133,1
2,122,1,141,1
2,122,1,142,5
2,122,1,214,2
2,122,1,230,1
2,122,1,241,3
2,122,1,265,2
2,122,1,311,1
2,122,1,315,4
2,122,1,331,1
2,122,1,333,1
2,122,1,335,3
2,122,1,351,2
2,122,1,411,2
2,122,1,421,1
2,122,1,511,1
2,122,1,524,1
2,122,1,541,1
2,122,1,5000,2
2,131,1,611,1
2,131,1,6000,1
2,132,1,112,5
2,132,1,121,1
2,132,1,132,8
2,132,1,142,1
2,132,1,251,1
2,132,1,311,2
2,132,1,315,3
2,132,1,333,1
2,132,1,334,1
2,132,1,335,1
2,132,1,352,2
2,132,1,411,1
2,132,1,422,1
2,132,1,541,2
2,132,1,723,1
2,132,1,933,1
2,133,1,112,1
2,133,1,134,1
2,133,1,3100,1
2,134,1,31,1
2,134,1,111,7
2,134,1,112,16
2,134,1,121,5
2,134,1,122,2
2,134,1,132,6
2,134,1,133,1
2,134,1,134,25
2,134,1,141,3
2,134,1,142,10
2,134,1,143,3
2,134,1,214,1
2,134,1,216,1
2,134,1,222,1
2,134,1,230,2
2,134,1,231,1
2,134,1,233,2
2,134,1,234,3
2,134,1,235,1
2,134,1,241,1
2,134,1,261,3
2,134,1,263,1
2,134,1,264,1
2,134,1,265,3
2,134,1,311,1
2,134,1,312,1
2,134,1,315,7
2,134,1,325,1
2,134,1,332,3
2,134,1,334,4
2,134,1,335,2
2,134,1,343,2
2,134,1,352,2
2,134,1,411,6
2,134,1,412,1
2,134,1,431,1
2,134,1,522,4
2,134,1,524,1
2,134,1,541,8
2,134,1,711,2
2,134,1,712,1
2,134,1,723,2
2,134,1,731,1
2,134,1,732,1
2,134,1,832,2
2,134,1,834,1
2,134,1,835,2
2,134,1,931,1
2,134,1,933,2
2,134,1,1100,2
2,134,1,2000,2
2,134,1,2100,4
2,134,1,3000,2
2,134,1,3100,5
2,134,1,5000,5
2,134,1,6000,18
2,134,1,9000,3
2,141,1,111,2
2,141,1,112,4
2,141,1,121,1
2,141,1,122,1
2,141,1,132,3
2,141,1,134,2
2,141,1,141,13
2,141,1,142,3
2,141,1,216,1
2,141,1,221,1
2,141,1,263,1
2,141,1,311,2
2,141,1,315,1
2,141,1,322,1
2,141,1,334,1
2,141,1,515,1
2,141,1,523,1
2,141,1,541,2
2,141,1,622,2
2,141,1,711,2
2,141,1,832,1
2,141,1,911,1
2,141,1,3000,2
2,141,1,3100,1
2,141,1,6000,2
2,142,1,111,4
2,142,1,112,15
2,142,1,121,9
2,142,1,122,1
2,142,1,131,1
2,142,1,132,3
2,142,1,133,1
2,142,1,134,2
2,142,1,141,1
2,142,1,142,78
2,142,1,143,3
2,142,1,214,1
2,142,1,230,2
2,142,1,233,2
2,142,1,241,1
2,142,1,263,1
2,142,1,311,1
2,142,1,312,1
2,142,1,313,1
2,142,1,315,4
2,142,1,325,2
2,142,1,332,1
2,142,1,334,3
2,142,1,335,4
2,142,1,351,2
2,142,1,411,1
2,142,1,412,1
2,142,1,511,1
2,142,1,513,1
2,142,1,522,8
2,142,1,541,9
2,142,1,611,2
2,142,1,622,12
2,142,1,711,2
2,142,1,751,1
2,142,1,754,1
2,142,1,832,1
2,142,1,833,1
2,142,1,835,2
2,142,1,911,2
2,142,1,961,2
2,142,1,2000,1
2,142,1,2100,2
2,142,1,3000,3
2,142,1,3100,2
2,142,1,4000,1
2,142,1,5000,6
2,142,1,6000,7
2,142,1,9999,1
2,143,1,112,3
2,143,1,122,2
2,143,1,132,1
2,143,1,134,1
2,143,1,141,1
2,143,1,142,8
2,143,1,143,4
2,143,1,214,1
2,143,1,241,1
2,143,1,315,1
2,143,1,334,4
2,143,1,335,2
2,143,1,341,1
2,143,1,351,2
2,143,1,511,2
2,143,1,523,1
2,143,1,541,3
2,143,1,611,1
2,143,1,622,1
2,143,1,832,1
2,143,1,962,1
2,143,1,2000,1
2,143,1,2100,2
2,143,1,5000,2
2,143,1,6000,2
2,211,1,211,1
2,211,1,3000,1
2,211,1,6000,2
2,212,1,122,1
2,212,1,141,1
2,213,1,334,1
2,213,1,723,1
2,213,1,9000,1
2,214,1,112,1
2,214,1,214,1
2,214,1,351,1
2,216,1,111,1
2,216,1,112,2
2,216,1,121,1
2,216,1,122,1
2,216,1,251,1
2,216,1,264,1
2,216,1,315,1
2,216,1,332,1
2,216,1,334,1
2,216,1,411,1
2,216,1,441,1
2,216,1,3000,1
2,221,1,111,1
2,221,1,112,4
2,221,1,122,3
2,221,1,221,21
2,221,1,224,1
2,221,1,251,1
2,221,1,311,1
2,221,1,313,1
2,221,1,315,1
2,221,1,325,1
2,221,1,334,1
2,221,1,341,1
2,221,1,342,1
2,221,1,351,2
2,221,1,411,2
2,221,1,422,1
2,221,1,431,1
2,221,1,432,1
2,221,1,622,1
2,221,1,911,1
2,221,1,2100,2
2,221,1,6000,2
2,221,1,9000,3
2,222,1,111,7
2,222,1,112,7
2,222,1,121,6
2,222,1,122,3
2,222,1,132,4
2,222,1,134,3
2,222,1,142,4
2,222,1,143,2
2,222,1,214,1
2,222,1,222,13
2,222,1,224,1
2,222,1,226,1
2,222,1,230,8
2,222,1,231,1
2,222,1,233,7
2,222,1,234,2
2,222,1,235,1
2,222,1,241,1
2,222,1,242,1
2,222,1,251,1
2,222,1,261,1
2,222,1,263,1
2,222,1,264,1
2,222,1,311,3
2,222,1,312,1
2,222,1,313,2
2,222,1,315,5
2,222,1,321,5
2,222,1,325,3
2,222,1,331,4
2,222,1,332,1
2,222,1,334,8
2,222,1,335,6
2,222,1,343,1
2,222,1,351,3
2,222,1,411,11
2,222,1,422,4
2,222,1,431,1
2,222,1,432,2
2,222,1,511,2
2,222,1,515,1
2,222,1,522,3
2,222,1,523,3
2,222,1,524,2
2,222,1,541,9
2,222,1,622,12
2,222,1,711,1
2,222,1,712,2
2,222,1,721,1
2,222,1,723,1
2,222,1,742,1
2,222,1,751,1
2,222,1,818,1
2,222,1,832,5
2,222,1,835,1
2,222,1,911,3
2,222,1,962,2
2,222,1,2000,3
2,222,1,2100,2
2,222,1,3000,7
2,222,1,3100,4
2,222,1,5000,5
2,222,1,6000,15
2,222,1,9000,2
2,223,1,112,1
2,223,1,121,1
2,223,1,342,1
2,223,1,511,1
2,223,1,541,1
2,223,1,6000,1
2,223,1,9000,1
2,224,1,313,1
2,224,1,351,1
2,224,1,1100,1
2,226,1,112,2
2,226,1,134,2
2,226,1,143,1
2,226,1,226,2
2,226,1,230,1
2,226,1,241,1
2,226,1,264,1
2,226,1,311,1
2,226,1,313,2
2,226,1,315,1
2,226,1,334,1
2,226,1,335,2
2,226,1,351,2
2,226,1,411,1
2,226,1,431,1
2,226,1,432,1
2,226,1,511,3
2,226,1,522,1
2,226,1,541,6
2,226,1,611,1
2,226,1,622,3
2,226,1,711,1
2,226,1,721,1
2,226,1,723,1
2,226,1,741,1
2,226,1,742,1
2,226,1,832,2
2,226,1,933,1
2,226,1,2000,3
2,226,1,2100,1
2,226,1,3100,3
2,226,1,5000,1
2,230,1,111,31
2,230,1,112,37
2,230,1,121,15
2,230,1,122,6
2,230,1,132,16
2,230,1,133,1
2,230,1,134,36
2,230,1,141,8
2,230,1,142,30
2,230,1,143,3
2,230,1,211,2
2,230,1,214,3
2,230,1,216,7
2,230,1,221,2
2,230,1,222,1
2,230,1,230,81
2,230,1,231,4
2,230,1,233,7
2,230,1,234,1
2,230,1,235,8
2,230,1,241,8
2,230,1,242,1
2,230,1,243,1
2,230,1,251,2
2,230,1,261,3
2,230,1,263,4
2,230,1,264,3
2,230,1,265,1
2,230,1,311,24
2,230,1,312,4
2,230,1,313,8
2,230,1,315,21
2,230,1,325,4
2,230,1,331,3
2,230,1,332,4
2,230,1,334,21
2,230,1,335,6
2,230,1,341,6
2,230,1,342,2
2,230,1,343,1
2,230,1,351,3
2,230,1,352,6
2,230,1,411,41
2,230,1,422,1
2,230,1,431,2
2,230,1,432,7
2,230,1,441,2
2,230,1,511,12
2,230,1,513,4
2,230,1,515,2
2,230,1,521,2
2,230,1,522,17
2,230,1,523,4
2,230,1,524,2
2,230,1,532,3
2,230,1,541,56
2,230,1,611,3
2,230,1,622,52
2,230,1,711,20
2,230,1,712,2
2,230,1,721,2
2,230,1,723,5
2,230,1,731,3
2,230,1,732,2
2,230,1,741,5
2,230,1,742,1
2,230,1,751,4
2,230,1,753,1
2,230,1,754,3
2,230,1,815,2
2,230,1,818,2
2,230,1,832,21
2,230,1,833,8
2,230,1,835,13
2,230,1,911,23
2,230,1,931,4
2,230,1,932,1
2,230,1,933,4
2,230,1,961,2
2,230,1,962,2
2,230,1,1100,3
2,230,1,2000,14
2,230,1,2100,12
2,230,1,3000,11
2,230,1,3100,7
2,230,1,4000,3
2,230,1,5000,14
2,230,1,6000,81
2,230,1,9000,3
2,231,1,111,3
2,231,1,112,9
2,231,1,121,5
2,231,1,122,1
2,231,1,132,3
2,231,1,134,2
2,231,1,142,4
2,231,1,143,1
2,231,1,216,5
2,231,1,221,1
2,231,1,231,6
2,231,1,241,2
2,231,1,243,1
2,231,1,261,2
2,231,1,311,1
2,231,1,313,1
2,231,1,315,3
2,231,1,334,1
2,231,1,335,2
2,231,1,341,1
2,231,1,343,1
2,231,1,351,2
2,231,1,352,2
2,231,1,411,2
2,231,1,432,1
2,231,1,511,2
2,231,1,522,2
2,231,1,541,3
2,231,1,818,1
2,231,1,832,1
2,231,1,932,1
2,231,1,1100,1
2,231,1,2000,2
2,231,1,2100,3
2,231,1,3000,3
2,231,1,3100,4
2,231,1,5000,4
2,231,1,6000,2
2,232,1,312,1
2,232,1,911,1
2,233,1,111,13
2,233,1,112,15
2,233,1,121,10
2,233,1,122,9
2,233,1,132,8
2,233,1,133,2
2,233,1,134,17
2,233,1,141,7
2,233,1,142,13
2,233,1,143,5
2,233,1,211,1
2,233,1,214,2
2,233,1,221,1
2,233,1,230,5
2,233,1,231,4
2,233,1,233,62
2,233,1,234,9
2,233,1,235,1
2,233,1,241,4
2,233,1,243,1
2,233,1,251,1
2,233,1,261,1
2,233,1,262,1
2,233,1,263,2
2,233,1,264,1
2,233,1,311,6
2,233,1,312,1
2,233,1,313,2
2,233,1,315,6
2,233,1,331,6
2,233,1,332,7
2,233,1,334,18
2,233,1,335,10
2,233,1,341,3
2,233,1,342,1
2,233,1,351,8
2,233,1,352,1
2,233,1,411,18
2,233,1,431,1
2,233,1,432,1
2,233,1,441,1
2,233,1,511,4
2,233,1,515,3
2,233,1,522,3
2,233,1,524,1
2,233,1,532,1
2,233,1,541,20
2,233,1,622,10
2,233,1,711,2
2,233,1,712,2
2,233,1,721,1
2,233,1,723,2
2,233,1,732,2
2,233,1,741,1
2,233,1,742,2
2,233,1,753,1
2,233,1,818,1
2,233,1,832,7
2,233,1,833,3
2,233,1,835,4
2,233,1,911,11
2,233,1,933,1
2,233,1,962,1
2,233,1,1100,2
2,233,1,2000,9
2,233,1,2100,8
2,233,1,3000,6
2,233,1,3100,5
2,233,1,4000,1
2,233,1,5000,18
2,233,1,6000,49
2,233,1,9000,3
2,234,1,111,19
2,234,1,112,38
2,234,1,121,10
2,234,1,122,11
2,234,1,132,12
2,234,1,134,20
2,234,1,141,3
2,234,1,142,32
2,234,1,143,14
2,234,1,214,3
2,234,1,216,5
2,234,1,221,1
2,234,1,226,1
2,234,1,230,12
2,234,1,231,3
2,234,1,233,20
2,234,1,234,17
2,234,1,235,1
2,234,1,241,1
2,234,1,242,1
2,234,1,252,2
2,234,1,261,4
2,234,1,263,6
2,234,1,265,4
2,234,1,311,13
2,234,1,312,9
2,234,1,313,15
2,234,1,315,14
2,234,1,321,1
2,234,1,325,4
2,234,1,331,6
2,234,1,332,4
2,234,1,334,29
2,234,1,335,14
2,234,1,341,1
2,234,1,342,7
2,234,1,343,4
2,234,1,351,8
2,234,1,352,3
2,234,1,411,44
2,234,1,412,1
2,234,1,421,1
2,234,1,422,3
2,234,1,431,10
2,234,1,432,6
2,234,1,441,4
2,234,1,511,5
2,234,1,513,10
2,234,1,515,2
2,234,1,522,18
2,234,1,523,4
2,234,1,524,2
2,234,1,532,1
2,234,1,541,62
2,234,1,611,3
2,234,1,622,30
2,234,1,711,23
2,234,1,712,4
2,234,1,713,1
2,234,1,721,2
2,234,1,723,4
2,234,1,731,2
2,234,1,732,2
2,234,1,741,1
2,234,1,742,1
2,234,1,751,1
2,234,1,754,1
2,234,1,815,1
2,234,1,818,1
2,234,1,832,12
2,234,1,833,3
2,234,1,834,2
2,234,1,835,9
2,234,1,911,16
2,234,1,931,2
2,234,1,933,7
2,234,1,941,1
2,234,1,962,6
2,234,1,2000,10
2,234,1,2100,14
2,234,1,3000,6
2,234,1,3100,18
2,234,1,4000,1
2,234,1,5000,19
2,234,1,6000,89
2,234,1,9000,4
2,235,1,111,3
2,235,1,112,5
2,235,1,121,10
2,235,1,122,4
2,235,1,132,7
2,235,1,133,2
2,235,1,134,4
2,235,1,141,4
2,235,1,142,11
2,235,1,214,2
2,235,1,216,1
2,235,1,221,1
2,235,1,230,5
2,235,1,231,3
2,235,1,233,3
2,235,1,235,4
2,235,1,241,1
2,235,1,261,2
2,235,1,263,6
2,235,1,264,1
2,235,1,265,1
2,235,1,311,7
2,235,1,312,7
2,235,1,313,2
2,235,1,315,14
2,235,1,321,1
2,235,1,325,1
2,235,1,334,19
2,235,1,335,9
2,235,1,341,2
2,235,1,343,2
2,235,1,351,4
2,235,1,411,12
2,235,1,412,2
2,235,1,421,1
2,235,1,422,1
2,235,1,431,3
2,235,1,432,2
2,235,1,511,3
2,235,1,513,1
2,235,1,514,1
2,235,1,522,6
2,235,1,523,1
2,235,1,524,1
2,235,1,541,15
2,235,1,611,2
2,235,1,622,29
2,235,1,711,20
2,235,1,712,1
2,235,1,721,3
2,235,1,722,1
2,235,1,723,5
2,235,1,731,1
2,235,1,732,1
2,235,1,741,2
2,235,1,751,3
2,235,1,818,2
2,235,1,832,7
2,235,1,833,6
2,235,1,835,1
2,235,1,911,11
2,235,1,931,2
2,235,1,933,5
2,235,1,962,3
2,235,1,2000,3
2,235,1,2100,2
2,235,1,3000,7
2,235,1,3100,8
2,235,1,5000,21
2,235,1,6000,47
2,235,1,9999,1
2,241,1,112,9
2,241,1,121,7
2,241,1,122,4
2,241,1,132,1
2,241,1,133,1
2,241,1,141,1
2,241,1,142,3
2,241,1,143,3
2,241,1,214,1
2,241,1,216,2
2,241,1,221,2
2,241,1,230,2
2,241,1,231,1
2,241,1,241,8
2,241,1,243,1
2,241,1,251,2
2,241,1,252,1
2,241,1,311,2
2,241,1,312,4
2,241,1,315,1
2,241,1,331,3
2,241,1,334,2
2,241,1,335,3
2,241,1,343,1
2,241,1,351,1
2,241,1,411,1
2,241,1,412,2
2,241,1,422,1
2,241,1,511,2
2,241,1,515,1
2,241,1,523,1
2,241,1,541,6
2,241,1,711,1
2,241,1,833,1
2,241,1,931,1
2,241,1,3100,1
2,241,1,5000,5
2,241,1,6000,3
2,242,1,112,2
2,242,1,132,2
2,242,1,134,2
2,242,1,143,1
2,242,1,216,1
2,242,1,261,1
2,242,1,265,1
2,242,1,311,1
2,242,1,313,1
2,242,1,315,1
2,242,1,334,1
2,242,1,343,2
2,242,1,351,2
2,242,1,411,1
2,242,1,541,1
2,242,1,3100,1
2,242,1,4000,1
2,243,1,112,1
2,243,1,132,1
2,243,1,141,1
2,243,1,142,1
2,243,1,352,1
2,243,1,5000,1
2,251,1,112,1
2,251,1,121,1
2,251,1,133,1
2,251,1,251,1
2,251,1,2000,1
2,252,1,133,1
2,252,1,214,1
2,261,1,112,5
2,261,1,121,1
2,261,1,122,3
2,261,1,132,2
2,261,1,142,1
2,261,1,211,1
2,261,1,212,1
2,261,1,221,1
2,261,1,251,1
2,261,1,261,3
2,261,1,315,2
2,261,1,334,3
2,261,1,335,5
2,261,1,341,1
2,261,1,342,2
2,261,1,351,2
2,261,1,411,2
2,261,1,421,1
2,261,1,541,3
2,261,1,911,2
2,261,1,2100,2
2,261,1,3100,3
2,262,1,111,1
2,262,1,112,2
2,262,1,132,1
2,262,1,134,2
2,262,1,142,1
2,262,1,143,1
2,262,1,230,2
2,262,1,241,1
2,262,1,263,1
2,262,1,264,1
2,262,1,313,1
2,262,1,325,1
2,262,1,332,1
2,262,1,334,9
2,262,1,335,1
2,262,1,341,3
2,262,1,351,1
2,262,1,421,1
2,262,1,432,1
2,262,1,513,1
2,262,1,541,3
2,262,1,622,3
2,262,1,832,1
2,262,1,833,1
2,262,1,835,1
2,262,1,911,2
2,262,1,931,1
2,262,1,933,1
2,262,1,3100,2
2,262,1,6000,1
2,263,1,111,2
2,263,1,112,3
2,263,1,122,1
2,263,1,142,2
2,263,1,143,1
2,263,1,242,2
2,263,1,261,1
2,263,1,315,3
2,263,1,325,1
2,263,1,334,1
2,263,1,351,2
2,263,1,411,3
2,263,1,422,1
2,263,1,522,3
2,263,1,523,3
2,263,1,541,3
2,263,1,611,3
2,263,1,622,5
2,263,1,711,3
2,263,1,731,1
2,263,1,835,1
2,263,1,911,1
2,263,1,3000,3
2,263,1,5000,2
2,263,1,9000,2
2,264,1,112,5
2,264,1,121,1
2,264,1,122,1
2,264,1,142,3
2,264,1,143,1
2,264,1,216,1
2,264,1,241,1
2,264,1,264,2
2,264,1,331,1
2,264,1,334,2
2,264,1,335,2
2,264,1,342,1
2,264,1,352,2
2,264,1,432,1
2,264,1,541,4
2,264,1,833,1
2,264,1,835,1
2,264,1,1100,1
2,264,1,3000,1
2,264,1,3100,1
2,264,1,5000,1
2,265,1,112,1
2,265,1,121,1
2,265,1,122,1
2,265,1,132,2
2,265,1,134,1
2,265,1,265,4
2,265,1,313,1
2,265,1,315,1
2,265,1,332,2
2,265,1,334,1
2,265,1,411,1
2,265,1,541,4
2,265,1,741,1
2,265,1,832,1
2,265,1,911,1
2,265,1,933,1
2,265,1,962,1
2,265,1,6000,1
2,311,1,142,1
2,311,1,143,1
2,311,1,311,1
2,311,1,335,1
2,311,1,513,1
2,311,1,522,1
2,311,1,622,1
2,311,1,6000,1
2,312,1,112,1
2,312,1,122,1
2,312,1,325,1
2,312,1,711,1
2,312,1,2000,1
2,312,1,5000,1
2,312,1,6000,2
2,313,1,541,1
2,313,1,622,1
2,315,1,142,2
2,315,1,143,2
2,315,1,216,1
2,315,1,315,3
2,315,1,351,1
2,315,1,421,1
2,315,1,432,1
2,315,1,541,1
2,315,1,911,2
2,321,1,121,4
2,321,1,122,2
2,321,1,132,3
2,321,1,133,1
2,321,1,134,2
2,321,1,141,1
2,321,1,142,3
2,321,1,230,3
2,321,1,233,1
2,321,1,234,1
2,321,1,243,1
2,321,1,261,1
2,321,1,264,1
2,321,1,311,1
2,321,1,315,4
2,321,1,321,3
2,321,1,332,1
2,321,1,334,3
2,321,1,335,2
2,321,1,343,3
2,321,1,351,2
2,321,1,352,1
2,321,1,411,1
2,321,1,422,1
2,321,1,432,2
2,321,1,441,1
2,321,1,511,2
2,321,1,522,1
2,321,1,523,1
2,321,1,541,9
2,321,1,622,2
2,321,1,711,1
2,321,1,754,1
2,321,1,832,1
2,321,1,833,1
2,321,1,835,1
2,321,1,933,3
2,321,1,2000,1
2,321,1,2100,2
2,321,1,3100,2
2,321,1,5000,1
2,321,1,6000,5
2,322,1,111,5
2,322,1,112,6
2,322,1,121,1
2,322,1,122,3
2,322,1,132,3
2,322,1,134,10
2,322,1,141,4
2,322,1,142,10
2,322,1,143,2
2,322,1,216,1
2,322,1,221,1
2,322,1,222,1
2,322,1,224,1
2,322,1,226,1
2,322,1,230,2
2,322,1,231,1
2,322,1,233,3
2,322,1,235,5
2,322,1,241,2
2,322,1,261,1
2,322,1,263,1
2,322,1,264,1
2,322,1,311,4
2,322,1,312,2
2,322,1,313,1
2,322,1,315,5
2,322,1,321,5
2,322,1,322,4
2,322,1,325,2
2,322,1,331,1
2,322,1,332,4
2,322,1,334,3
2,322,1,335,6
2,322,1,342,2
2,322,1,343,1
2,322,1,351,1
2,322,1,352,1
2,322,1,411,11
2,322,1,421,2
2,322,1,422,3
2,322,1,431,1
2,322,1,432,1
2,322,1,441,2
2,322,1,511,1
2,322,1,513,2
2,322,1,515,1
2,322,1,522,11
2,322,1,523,1
2,322,1,524,1
2,322,1,541,14
2,322,1,611,2
2,322,1,622,6
2,322,1,711,5
2,322,1,712,2
2,322,1,721,1
2,322,1,722,1
2,322,1,731,1
2,322,1,732,2
2,322,1,741,1
2,322,1,742,1
2,322,1,753,2
2,322,1,754,2
2,322,1,832,7
2,322,1,833,1
2,322,1,835,3
2,322,1,911,12
2,322,1,931,2
2,322,1,933,1
2,322,1,941,1
2,322,1,1100,2
2,322,1,2000,7
2,322,1,2100,3
2,322,1,3000,4
2,322,1,3100,8
2,322,1,5000,9
2,322,1,6000,33
2,323,1,112,1
2,323,1,522,1
2,323,1,622,4
2,323,1,832,1
2,323,1,911,3
2,323,1,3000,1
2,323,1,5000,1
2,323,1,6000,2
2,325,1,111,5
2,325,1,112,9
2,325,1,121,3
2,325,1,122,4
2,325,1,132,1
2,325,1,134,6
2,325,1,141,1
2,325,1,142,7
2,325,1,143,2
2,325,1,214,2
2,325,1,215,1
2,325,1,216,1
2,325,1,221,1
2,325,1,226,1
2,325,1,230,5
2,325,1,233,3
2,325,1,234,3
2,325,1,241,1
2,325,1,261,2
2,325,1,263,1
2,325,1,311,9
2,325,1,312,3
2,325,1,313,3
2,325,1,315,5
2,325,1,325,7
2,325,1,334,12
2,325,1,335,1
2,325,1,341,4
2,325,1,342,4
2,325,1,343,2
2,325,1,351,7
2,325,1,352,2
2,325,1,411,19
2,325,1,421,1
2,325,1,422,2
2,325,1,431,5
2,325,1,432,3
2,325,1,511,3
2,325,1,512,1
2,325,1,513,1
2,325,1,515,2
2,325,1,522,5
2,325,1,524,1
2,325,1,541,18
2,325,1,611,2
2,325,1,622,21
2,325,1,711,15
2,325,1,712,2
2,325,1,723,2
2,325,1,741,2
2,325,1,742,1
2,325,1,751,1
2,325,1,818,1
2,325,1,832,10
2,325,1,833,3
2,325,1,835,2
2,325,1,911,16
2,325,1,931,2
2,325,1,932,1
2,325,1,933,3
2,325,1,941,1
2,325,1,2000,5
2,325,1,2100,2
2,325,1,3000,10
2,325,1,3100,7
2,325,1,4000,1
2,325,1,5000,7
2,325,1,6000,30
2,325,1,9000,2
2,331,1,111,2
2,331,1,112,13
2,331,1,121,4
2,331,1,122,4
2,331,1,132,2
2,331,1,133,1
2,331,1,134,4
2,331,1,141,2
2,331,1,142,10
2,331,1,143,2
2,331,1,214,6
2,331,1,216,1
2,331,1,230,2
2,331,1,231,1
2,331,1,241,3
2,331,1,263,2
2,331,1,265,1
2,331,1,311,2
2,331,1,315,1
2,331,1,331,10
2,331,1,332,2
2,331,1,334,8
2,331,1,335,3
2,331,1,342,1
2,331,1,343,1
2,331,1,351,1
2,331,1,411,4
2,331,1,421,2
2,331,1,422,1
2,331,1,431,3
2,331,1,432,3
2,331,1,441,2
2,331,1,511,7
2,331,1,522,3
2,331,1,541,16
2,331,1,622,3
2,331,1,711,2
2,331,1,721,1
2,331,1,722,1
2,331,1,723,3
2,331,1,732,1
2,331,1,741,1
2,331,1,742,1
2,331,1,832,3
2,331,1,911,3
2,331,1,933,1
2,331,1,1100,1
2,331,1,2000,2
2,331,1,2100,2
2,331,1,3000,2
2,331,1,3100,6
2,331,1,5000,1
2,331,1,6000,1
2,332,1,111,1
2,332,1,112,2
2,332,1,121,1
2,332,1,142,2
2,332,1,143,1
2,332,1,216,1
2,332,1,261,2
2,332,1,263,1
2,332,1,311,1
2,332,1,315,6
2,332,1,332,2
2,332,1,334,1
2,332,1,335,1
2,332,1,351,2
2,332,1,352,1
2,332,1,411,3
2,332,1,422,1
2,332,1,431,1
2,332,1,432,1
2,332,1,511,1
2,332,1,515,1
2,332,1,541,8
2,332,1,723,2
2,332,1,911,1
2,332,1,933,1
2,332,1,2000,2
2,332,1,3000,1
2,332,1,3100,4
2,333,1,112,2
2,333,1,122,1
2,333,1,132,1
2,333,1,230,1
2,333,1,411,1
2,333,1,6000,1
2,334,1,111,12
2,334,1,112,39
2,334,1,121,10
2,334,1,122,6
2,334,1,132,13
2,334,1,134,9
2,334,1,141,8
2,334,1,142,17
2,334,1,143,3
2,334,1,212,1
2,334,1,214,3
2,334,1,216,7
2,334,1,230,3
2,334,1,231,3
2,334,1,235,2
2,334,1,241,4
2,334,1,243,3
2,334,1,251,1
2,334,1,261,4
2,334,1,264,1
2,334,1,265,1
2,334,1,311,8
2,334,1,312,3
2,334,1,313,2
2,334,1,315,8
2,334,1,325,2
2,334,1,331,3
2,334,1,332,1
2,334,1,334,32
2,334,1,335,9
2,334,1,341,2
2,334,1,342,2
2,334,1,351,13
2,334,1,352,4
2,334,1,411,15
2,334,1,421,2
2,334,1,422,2
2,334,1,431,2
2,334,1,432,3
2,334,1,441,1
2,334,1,511,6
2,334,1,522,7
2,334,1,523,2
2,334,1,524,2
2,334,1,532,1
2,334,1,541,30
2,334,1,612,1
2,334,1,622,7
2,334,1,711,7
2,334,1,723,1
2,334,1,731,1
2,334,1,732,1
2,334,1,741,1
2,334,1,742,2
2,334,1,753,1
2,334,1,754,1
2,334,1,832,6
2,334,1,833,1
2,334,1,835,2
2,334,1,911,4
2,334,1,931,2
2,334,1,933,7
2,334,1,962,3
2,334,1,1100,1
2,334,1,2000,7
2,334,1,2100,5
2,334,1,3000,5
2,334,1,3100,11
2,334,1,5000,3
2,334,1,6000,14
2,334,1,9000,3
2,334,1,9999,1
2,335,1,111,1
2,335,1,112,7
2,335,1,121,3
2,335,1,122,2
2,335,1,132,1
2,335,1,134,1
2,335,1,141,1
2,335,1,142,2
2,335,1,214,1
2,335,1,231,1
2,335,1,311,1
2,335,1,312,1
2,335,1,313,2
2,335,1,315,1
2,335,1,331,1
2,335,1,332,1
2,335,1,334,6
2,335,1,335,22
2,335,1,351,1
2,335,1,352,1
2,335,1,411,2
2,335,1,421,1
2,335,1,431,1
2,335,1,441,1
2,335,1,511,2
2,335,1,513,2
2,335,1,522,3
2,335,1,541,6
2,335,1,818,1
2,335,1,832,2
2,335,1,833,4
2,335,1,933,2
2,335,1,2000,2
2,335,1,2100,1
2,335,1,3000,1
2,335,1,3100,5
2,335,1,5000,3
2,335,1,6000,1
2,341,1,111,2
2,341,1,112,3
2,341,1,121,1
2,341,1,132,1
2,341,1,142,2
2,341,1,143,1
2,341,1,216,2
2,341,1,230,1
2,341,1,241,1
2,341,1,261,2
2,341,1,264,1
2,341,1,333,1
2,341,1,334,5
2,341,1,335,1
2,341,1,341,3
2,341,1,411,2
2,341,1,421,1
2,341,1,431,2
2,341,1,522,1
2,341,1,524,1
2,341,1,541,8
2,341,1,622,3
2,341,1,711,1
2,341,1,741,1
2,341,1,754,1
2,341,1,832,1
2,341,1,2100,3
2,341,1,3000,1
2,341,1,3100,1
2,341,1,6000,7
2,342,1,112,1
2,342,1,132,1
2,342,1,133,1
2,342,1,141,1
2,342,1,142,2
2,342,1,143,2
2,342,1,230,1
2,342,1,265,1
2,342,1,311,1
2,342,1,315,2
2,342,1,331,2
2,342,1,335,1
2,342,1,342,4
2,342,1,351,2
2,342,1,522,1
2,342,1,622,1
2,342,1,712,1
2,342,1,962,1
2,342,1,2100,1
2,342,1,3100,1
2,343,1,111,1
2,343,1,112,1
2,343,1,121,4
2,343,1,132,3
2,343,1,133,1
2,343,1,141,3
2,343,1,142,1
2,343,1,143,1
2,343,1,230,1
2,343,1,242,1
2,343,1,261,1
2,343,1,312,2
2,343,1,331,1
2,343,1,334,2
2,343,1,335,1
2,343,1,341,1
2,343,1,342,1
2,343,1,343,2
2,343,1,411,6
2,343,1,511,1
2,343,1,541,3
2,343,1,622,3
2,343,1,711,1
2,343,1,712,1
2,343,1,832,1
2,343,1,911,1
2,343,1,3000,3
2,343,1,3100,1
2,343,1,5000,1
2,343,1,6000,2
2,351,1,111,2
2,351,1,112,2
2,351,1,121,1
2,351,1,122,1
2,351,1,311,2
2,351,1,312,1
2,351,1,321,1
2,351,1,335,1
2,351,1,351,1
2,351,1,411,1
2,351,1,432,1
2,351,1,511,1
2,351,1,541,1
2,351,1,622,1
2,351,1,751,1
2,351,1,911,1
2,351,1,2000,1
2,351,1,2100,2
2,351,1,3100,2
2,351,1,6000,3
2,352,1,142,3
2,352,1,233,1
2,352,1,334,1
2,352,1,352,1
2,352,1,441,1
2,352,1,713,2
2,352,1,5000,1
2,411,1,111,29
2,411,1,112,57
2,411,1,121,19
2,411,1,122,11
2,411,1,132,11
2,411,1,133,1
2,411,1,134,19
2,411,1,141,4
2,411,1,142,42
2,411,1,143,7
2,411,1,211,3
2,411,1,214,6
2,411,1,216,7
2,411,1,221,1
2,411,1,230,11
2,411,1,231,1
2,411,1,233,3
2,411,1,234,4
2,411,1,235,2
2,411,1,241,3
2,411,1,242,1
2,411,1,243,1
2,411,1,251,1
2,411,1,261,5
2,411,1,263,5
2,411,1,264,2
2,411,1,265,4
2,411,1,311,26
2,411,1,312,12
2,411,1,313,12
2,411,1,315,20
2,411,1,321,2
2,411,1,325,4
2,411,1,331,13
2,411,1,332,9
2,411,1,333,1
2,411,1,334,49
2,411,1,335,30
2,411,1,341,5
2,411,1,342,4
2,411,1,343,9
2,411,1,351,16
2,411,1,352,3
2,411,1,411,76
2,411,1,412,3
2,411,1,413,1
2,411,1,421,9
2,411,1,422,7
2,411,1,431,11
2,411,1,432,11
2,411,1,441,4
2,411,1,511,7
2,411,1,512,1
2,411,1,513,11
2,411,1,514,1
2,411,1,515,4
2,411,1,522,16
2,411,1,523,2
2,411,1,524,5
2,411,1,532,1
2,411,1,541,105
2,411,1,611,5
2,411,1,612,1
2,411,1,622,43
2,411,1,711,20
2,411,1,712,2
2,411,1,721,3
2,411,1,723,1
2,411,1,731,2
2,411,1,732,1
2,411,1,741,5
2,411,1,742,3
2,411,1,751,2
2,411,1,753,2
2,411,1,754,2
2,411,1,815,1
2,411,1,818,4
2,411,1,832,29
2,411,1,833,7
2,411,1,834,4
2,411,1,835,11
2,411,1,911,30
2,411,1,931,3
2,411,1,933,14
2,411,1,961,1
2,411,1,962,5
2,411,1,1100,1
2,411,1,2000,12
2,411,1,2100,23
2,411,1,3000,12
2,411,1,3100,35
2,411,1,4000,3
2,411,1,5000,15
2,411,1,6000,66
2,411,1,9000,3
2,411,1,9999,1
2,412,1,112,3
2,412,1,230,1
2,412,1,334,1
2,412,1,335,1
2,412,1,351,1
2,412,1,541,1
2,412,1,932,1
2,412,1,933,1
2,412,1,2100,3
2,413,1,112,1
2,413,1,132,2
2,413,1,334,1
2,413,1,342,1
2,413,1,351,1
2,413,1,422,2
2,413,1,541,1
2,413,1,622,1
2,413,1,741,1
2,413,1,832,1
2,413,1,911,1
2,413,1,3100,1
2,421,1,111,1
2,421,1,112,2
2,421,1,121,5
2,421,1,132,1
2,421,1,134,1
2,421,1,142,2
2,421,1,214,3
2,421,1,230,1
2,421,1,233,1
2,421,1,265,1
2,421,1,311,1
2,421,1,315,4
2,421,1,331,2
2,421,1,334,2
2,421,1,335,2
2,421,1,351,3
2,421,1,352,1
2,421,1,411,1
2,421,1,431,1
2,421,1,432,1
2,421,1,511,1
2,421,1,514,1
2,421,1,515,1
2,421,1,522,2
2,421,1,524,1
2,421,1,541,4
2,421,1,711,1
2,421,1,712,3
2,421,1,723,1
2,421,1,933,2
2,421,1,2000,1
2,421,1,2100,2
2,421,1,3000,1
2,421,1,3100,1
2,421,1,5000,1
2,421,1,6000,2
2,422,1,111,3
2,422,1,112,7
2,422,1,121,5
2,422,1,122,2
2,422,1,134,5
2,422,1,141,4
2,422,1,142,3
2,422,1,143,6
2,422,1,214,2
2,422,1,230,1
2,422,1,233,1
2,422,1,241,4
2,422,1,243,1
2,422,1,251,1
2,422,1,263,1
2,422,1,264,2
2,422,1,311,4
2,422,1,312,1
2,422,1,313,2
2,422,1,315,6
2,422,1,331,2
2,422,1,332,4
2,422,1,334,7
2,422,1,335,9
2,422,1,342,2
2,422,1,351,3
2,422,1,352,4
2,422,1,411,21
2,422,1,421,1
2,422,1,422,9
2,422,1,431,1
2,422,1,432,2
2,422,1,441,1
2,422,1,511,13
2,422,1,513,1
2,422,1,514,2
2,422,1,515,3
2,422,1,521,1
2,422,1,522,11
2,422,1,523,4
2,422,1,524,1
2,422,1,541,30
2,422,1,612,1
2,422,1,622,7
2,422,1,711,6
2,422,1,721,1
2,422,1,723,3
2,422,1,732,1
2,422,1,741,2
2,422,1,742,1
2,422,1,753,1
2,422,1,818,1
2,422,1,832,9
2,422,1,833,2
2,422,1,835,3
2,422,1,911,7
2,422,1,933,4
2,422,1,962,2
2,422,1,2000,7
2,422,1,2100,4
2,422,1,3100,19
2,422,1,5000,3
2,422,1,6000,13
2,431,1,111,4
2,431,1,112,6
2,431,1,121,2
2,431,1,122,1
2,431,1,132,3
2,431,1,141,1
2,431,1,142,5
2,431,1,143,1
2,431,1,214,2
2,431,1,222,1
2,431,1,230,1
2,431,1,233,1
2,431,1,234,1
2,431,1,241,2
2,431,1,311,4
2,431,1,313,1
2,431,1,315,3
2,431,1,325,3
2,431,1,331,1
2,431,1,332,2
2,431,1,334,5
2,431,1,335,1
2,431,1,351,2
2,431,1,352,1
2,431,1,411,15
2,431,1,421,1
2,431,1,431,8
2,431,1,432,2
2,431,1,511,2
2,431,1,512,1
2,431,1,513,2
2,431,1,522,2
2,431,1,523,1
2,431,1,541,12
2,431,1,622,3
2,431,1,711,1
2,431,1,723,2
2,431,1,751,1
2,431,1,832,1
2,431,1,835,1
2,431,1,911,2
2,431,1,931,1
2,431,1,933,1
2,431,1,1100,1
2,431,1,2000,2
2,431,1,2100,1
2,431,1,3000,3
2,431,1,3100,7
2,431,1,5000,5
2,431,1,6000,5
2,432,1,111,1
2,432,1,134,1
2,432,1,263,1
2,432,1,264,1
2,432,1,311,2
2,432,1,351,1
2,432,1,411,1
2,432,1,432,1
2,432,1,522,2
2,432,1,541,1
2,432,1,722,1
2,432,1,931,1
2,432,1,933,1
2,432,1,2000,1
2,432,1,3100,2
2,441,1,112,11
2,441,1,121,3
2,441,1,132,2
2,441,1,134,1
2,441,1,142,5
2,441,1,234,1
2,441,1,241,1
2,441,1,311,1
2,441,1,313,1
2,441,1,315,5
2,441,1,331,1
2,441,1,332,1
2,441,1,333,1
2,441,1,334,8
2,441,1,335,6
2,441,1,343,1
2,441,1,351,2
2,441,1,352,1
2,441,1,411,1
2,441,1,421,1
2,441,1,432,4
2,441,1,441,1
2,441,1,511,1
2,441,1,522,1
2,441,1,523,2
2,441,1,524,1
2,441,1,541,9
2,441,1,612,1
2,441,1,622,2
2,441,1,723,2
2,441,1,815,1
2,441,1,931,1
2,441,1,933,1
2,441,1,2100,2
2,441,1,3100,1
2,441,1,5000,2
2,441,1,9999,1
2,511,1,121,3
2,511,1,122,4
2,511,1,133,3
2,511,1,142,2
2,511,1,216,1
2,511,1,242,1
2,511,1,311,2
2,511,1,312,1
2,511,1,315,4
2,511,1,334,1
2,511,1,342,1
2,511,1,343,2
2,511,1,351,1
2,511,1,352,1
2,511,1,422,2
2,511,1,432,3
2,511,1,511,5
2,511,1,522,2
2,511,1,524,2
2,511,1,622,1
2,511,1,723,1
2,511,1,832,1
2,511,1,2000,2
2,511,1,2100,1
2,511,1,3000,2
2,511,1,3100,2
2,512,1,111,4
2,512,1,132,3
2,512,1,134,1
2,512,1,141,7
2,512,1,142,4
2,512,1,143,1
2,512,1,214,1
2,512,1,230,1
2,512,1,262,1
2,512,1,263,1
2,512,1,311,1
2,512,1,313,1
2,512,1,315,3
2,512,1,334,3
2,512,1,411,5
2,512,1,422,1
2,512,1,512,7
2,512,1,513,3
2,512,1,523,1
2,512,1,524,3
2,512,1,532,1
2,512,1,541,8
2,512,1,622,18
2,512,1,711,10
2,512,1,723,1
2,512,1,731,1
2,512,1,811,1
2,512,1,832,2
2,512,1,833,1
2,512,1,835,1
2,512,1,911,11
2,512,1,931,3
2,512,1,932,1
2,512,1,941,1
2,512,1,961,1
2,512,1,2000,2
2,512,1,3000,1
2,512,1,5000,11
2,512,1,6000,17
2,513,1,112,1
2,513,1,132,1
2,513,1,141,1
2,513,1,213,1
2,513,1,332,1
2,513,1,513,1
2,513,1,515,2
2,513,1,523,1
2,513,1,541,2
2,513,1,622,5
2,513,1,711,1
2,513,1,732,1
2,513,1,911,2
2,513,1,933,1
2,513,1,3000,1
2,513,1,5000,1
2,513,1,6000,1
2,514,1,132,1
2,514,1,216,1
2,514,1,265,3
2,514,1,331,1
2,514,1,422,1
2,514,1,833,1
2,514,1,2000,2
2,515,1,122,1
2,515,1,141,1
2,515,1,311,2
2,515,1,335,1
2,515,1,511,1
2,515,1,522,1
2,515,1,541,3
2,515,1,622,1
2,515,1,711,1
2,515,1,815,1
2,515,1,832,1
2,515,1,911,1
2,515,1,2100,1
2,515,1,3000,2
2,515,1,6000,1
2,516,1,121,1
2,516,1,711,1
2,516,1,6000,1
2,521,1,31,1
2,521,1,263,1
2,521,1,541,1
2,522,1,111,12
2,522,1,112,11
2,522,1,121,6
2,522,1,122,1
2,522,1,132,4
2,522,1,134,12
2,522,1,141,5
2,522,1,142,109
2,522,1,143,3
2,522,1,214,2
2,522,1,230,7
2,522,1,233,4
2,522,1,234,2
2,522,1,235,3
2,522,1,263,8
2,522,1,265,1
2,522,1,311,13
2,522,1,312,6
2,522,1,313,3
2,522,1,315,25
2,522,1,322,1
2,522,1,325,3
2,522,1,331,4
2,522,1,332,3
2,522,1,334,19
2,522,1,335,8
2,522,1,343,2
2,522,1,351,9
2,522,1,411,28
2,522,1,421,1
2,522,1,422,2
2,522,1,431,5
2,522,1,432,6
2,522,1,441,1
2,522,1,511,8
2,522,1,512,1
2,522,1,513,3
2,522,1,515,1
2,522,1,522,101
2,522,1,523,3
2,522,1,524,3
2,522,1,541,55
2,522,1,611,6
2,522,1,622,52
2,522,1,711,20
2,522,1,712,2
2,522,1,721,2
2,522,1,722,1
2,522,1,723,2
2,522,1,731,2
2,522,1,741,1
2,522,1,742,1
2,522,1,751,1
2,522,1,754,3
2,522,1,811,1
2,522,1,818,2
2,522,1,832,17
2,522,1,833,4
2,522,1,835,3
2,522,1,911,32
2,522,1,921,1
2,522,1,931,6
2,522,1,933,6
2,522,1,941,1
2,522,1,962,6
2,522,1,2000,17
2,522,1,2100,4
2,522,1,3000,7
2,522,1,3100,14
2,522,1,5000,16
2,522,1,6000,54
2,522,1,9000,4
2,523,1,112,3
2,523,1,121,5
2,523,1,132,3
2,523,1,134,3
2,523,1,141,3
2,523,1,142,13
2,523,1,143,1
2,523,1,216,1
2,523,1,230,2
2,523,1,231,2
2,523,1,263,2
2,523,1,265,1
2,523,1,311,3
2,523,1,312,2
2,523,1,313,2
2,523,1,315,4
2,523,1,325,1
2,523,1,331,2
2,523,1,332,3
2,523,1,334,2
2,523,1,335,2
2,523,1,342,2
2,523,1,343,1
2,523,1,352,1
2,523,1,411,6
2,523,1,421,1
2,523,1,422,2
2,523,1,431,1
2,523,1,432,3
2,523,1,511,1
2,523,1,513,2
2,523,1,522,6
2,523,1,523,10
2,523,1,541,14
2,523,1,622,9
2,523,1,711,2
2,523,1,712,2
2,523,1,721,1
2,523,1,754,1
2,523,1,832,3
2,523,1,833,1
2,523,1,835,2
2,523,1,911,5
2,523,1,931,1
2,523,1,933,1
2,523,1,2000,4
2,523,1,2100,2
2,523,1,3100,2
2,523,1,5000,3
2,523,1,6000,13
2,524,1,111,1
2,524,1,112,2
2,524,1,132,1
2,524,1,141,1
2,524,1,142,6
2,524,1,143,1
2,524,1,241,1
2,524,1,251,1
2,524,1,311,1
2,524,1,313,1
2,524,1,315,1
2,524,1,334,5
2,524,1,335,1
2,524,1,342,1
2,524,1,411,2
2,524,1,421,1
2,524,1,422,1
2,524,1,432,1
2,524,1,511,1
2,524,1,522,2
2,524,1,523,2
2,524,1,524,4
2,524,1,541,3
2,524,1,622,4
2,524,1,751,1
2,524,1,753,1
2,524,1,815,1
2,524,1,832,2
2,524,1,911,2
2,524,1,933,5
2,524,1,962,1
2,524,1,2000,1
2,524,1,2100,2
2,524,1,3100,1
2,524,1,6000,6
2,531,1,111,1
2,531,1,112,3
2,531,1,132,3
2,531,1,141,2
2,531,1,142,4
2,531,1,214,1
2,531,1,230,3
2,531,1,234,1
2,531,1,235,1
2,531,1,263,1
2,531,1,311,2
2,531,1,313,1
2,531,1,315,2
2,531,1,334,2
2,531,1,335,1
2,531,1,351,1
2,531,1,411,5
2,531,1,432,1
2,531,1,522,1
2,531,1,524,1
2,531,1,541,12
2,531,1,622,10
2,531,1,711,5
2,531,1,721,1
2,531,1,722,1
2,531,1,723,1
2,531,1,817,1
2,531,1,832,3
2,531,1,833,2
2,531,1,835,4
2,531,1,911,5
2,531,1,931,3
2,531,1,933,4
2,531,1,941,1
2,531,1,961,1
2,531,1,962,2
2,531,1,1100,1
2,531,1,2000,6
2,531,1,3000,1
2,531,1,5000,3
2,531,1,6000,11
2,532,1,111,1
2,532,1,112,1
2,532,1,142,1
2,532,1,211,1
2,532,1,233,1
2,532,1,234,1
2,532,1,313,1
2,532,1,315,2
2,532,1,411,4
2,532,1,422,1
2,532,1,512,1
2,532,1,513,4
2,532,1,515,1
2,532,1,522,6
2,532,1,532,2
2,532,1,541,5
2,532,1,611,1
2,532,1,622,22
2,532,1,711,6
2,532,1,832,3
2,532,1,833,1
2,532,1,835,1
2,532,1,911,7
2,532,1,933,2
2,532,1,962,1
2,532,1,2000,3
2,532,1,3000,3
2,532,1,3100,2
2,532,1,5000,5
2,532,1,6000,7
2,541,1,112,4
2,541,1,122,2
2,541,1,132,1
2,541,1,134,4
2,541,1,141,3
2,541,1,142,5
2,541,1,230,2
2,541,1,235,1
2,541,1,241,1
2,541,1,263,1
2,541,1,311,1
2,541,1,312,1
2,541,1,315,9
2,541,1,332,1
2,541,1,334,4
2,541,1,335,4
2,541,1,342,1
2,541,1,351,2
2,541,1,352,1
2,541,1,411,1
2,541,1,432,4
2,541,1,441,1
2,541,1,511,2
2,541,1,522,6
2,541,1,523,1
2,541,1,541,67
2,541,1,622,7
2,541,1,711,2
2,541,1,723,1
2,541,1,742,1
2,541,1,751,1
2,541,1,833,1
2,541,1,835,2
2,541,1,911,7
2,541,1,931,1
2,541,1,933,4
2,541,1,2000,4
2,541,1,2100,6
2,541,1,3000,5
2,541,1,3100,3
2,541,1,4000,1
2,541,1,5000,2
2,541,1,6000,6
2,541,1,9000,2
2,611,1,111,4
2,611,1,112,8
2,611,1,121,1
2,611,1,132,4
2,611,1,134,7
2,611,1,142,7
2,611,1,143,1
2,611,1,214,2
2,611,1,230,8
2,611,1,233,1
2,611,1,234,2
2,611,1,235,3
2,611,1,261,1
2,611,1,263,12
2,611,1,311,3
2,611,1,312,3
2,611,1,313,9
2,611,1,315,17
2,611,1,325,2
2,611,1,331,1
2,611,1,334,7
2,611,1,343,1
2,611,1,411,13
2,611,1,422,1
2,611,1,431,3
2,611,1,512,1
2,611,1,513,2
2,611,1,515,1
2,611,1,521,1
2,611,1,522,11
2,611,1,524,2
2,611,1,532,1
2,611,1,541,28
2,611,1,611,180
2,611,1,612,2
2,611,1,622,98
2,611,1,711,52
2,611,1,712,1
2,611,1,721,3
2,611,1,723,1
2,611,1,731,6
2,611,1,751,9
2,611,1,752,1
2,611,1,753,1
2,611,1,754,4
2,611,1,832,8
2,611,1,833,2
2,611,1,834,3
2,611,1,835,12
2,611,1,911,75
2,611,1,921,2
2,611,1,931,3
2,611,1,932,1
2,611,1,933,4
2,611,1,961,3
2,611,1,962,2
2,611,1,2000,5
2,611,1,2100,1
2,611,1,3000,13
2,611,1,3100,2
2,611,1,4000,1
2,611,1,5000,24
2,611,1,6000,99
2,611,1,9000,1
2,611,1,9999,2
2,612,1,111,1
2,612,1,311,1
2,612,1,622,2
2,622,1,111,1
2,622,1,142,1
2,622,1,234,1
2,622,1,315,3
2,622,1,331,1
2,622,1,351,1
2,622,1,522,1
2,622,1,541,2
2,622,1,611,1
2,622,1,622,41
2,622,1,711,3
2,622,1,712,1
2,622,1,722,1
2,622,1,731,2
2,622,1,741,1
2,622,1,753,1
2,622,1,832,1
2,622,1,911,2
2,622,1,2000,1
2,622,1,3000,3
2,622,1,3100,1
2,622,1,5000,2
2,622,1,6000,2
2,622,1,9000,1
2,711,1,234,1
2,711,1,541,1
2,711,1,622,1
2,711,1,711,4
2,711,1,731,2
2,711,1,911,4
2,711,1,933,1
2,711,1,3000,1
2,711,1,5000,1
2,711,1,6000,3
2,711,1,9000,2
2,722,1,722,2
2,723,1,6000,1
2,731,1,111,45
2,731,1,112,8
2,731,1,121,2
2,731,1,131,1
2,731,1,132,7
2,731,1,134,9
2,731,1,141,7
2,731,1,142,23
2,731,1,143,1
2,731,1,214,5
2,731,1,221,3
2,731,1,222,2
2,731,1,230,27
2,731,1,233,14
2,731,1,234,9
2,731,1,235,6
2,731,1,261,3
2,731,1,263,29
2,731,1,311,35
2,731,1,312,8
2,731,1,313,20
2,731,1,315,62
2,731,1,321,1
2,731,1,322,1
2,731,1,325,6
2,731,1,331,3
2,731,1,334,20
2,731,1,335,3
2,731,1,341,1
2,731,1,351,1
2,731,1,352,1
2,731,1,411,21
2,731,1,421,1
2,731,1,422,3
2,731,1,431,9
2,731,1,432,1
2,731,1,512,6
2,731,1,513,2
2,731,1,514,1
2,731,1,515,4
2,731,1,516,1
2,731,1,521,3
2,731,1,522,39
2,731,1,523,1
2,731,1,524,1
2,731,1,532,1
2,731,1,541,105
2,731,1,611,82
2,731,1,612,1
2,731,1,622,495
2,731,1,711,263
2,731,1,712,9
2,731,1,713,1
2,731,1,721,5
2,731,1,722,8
2,731,1,723,8
2,731,1,731,148
2,731,1,741,6
2,731,1,751,27
2,731,1,753,5
2,731,1,754,12
2,731,1,811,3
2,731,1,815,3
2,731,1,832,23
2,731,1,833,10
2,731,1,834,1
2,731,1,835,46
2,731,1,911,260
2,731,1,912,1
2,731,1,921,4
2,731,1,931,23
2,731,1,932,2
2,731,1,933,9
2,731,1,941,2
2,731,1,961,10
2,731,1,962,6
2,731,1,2000,27
2,731,1,3000,45
2,731,1,3100,4
2,731,1,4000,1
2,731,1,5000,155
2,731,1,6000,430
2,731,1,9000,13
2,731,1,9999,1
2,732,1,111,1
2,732,1,143,1
2,732,1,234,1
2,732,1,311,1
2,732,1,335,1
2,732,1,352,1
2,732,1,432,1
2,732,1,511,1
2,732,1,541,3
2,732,1,622,3
2,732,1,711,1
2,732,1,832,1
2,732,1,5000,1
2,732,1,6000,4
2,741,1,313,1
2,741,1,731,1
2,741,1,5000,1
2,742,1,315,1
2,751,1,31,1
2,751,1,111,18
2,751,1,112,37
2,751,1,121,15
2,751,1,122,1
2,751,1,131,1
2,751,1,132,27
2,751,1,133,1
2,751,1,134,23
2,751,1,141,26
2,751,1,142,50
2,751,1,143,17
2,751,1,214,5
2,751,1,216,4
2,751,1,230,13
2,751,1,231,1
2,751,1,233,4
2,751,1,234,7
2,751,1,235,7
2,751,1,241,2
2,751,1,242,1
2,751,1,243,1
2,751,1,251,2
2,751,1,261,4
2,751,1,263,24
2,751,1,264,1
2,751,1,265,1
2,751,1,311,32
2,751,1,312,17
2,751,1,313,10
2,751,1,315,49
2,751,1,321,1
2,751,1,323,1
2,751,1,325,2
2,751,1,331,5
2,751,1,332,4
2,751,1,333,1
2,751,1,334,31
2,751,1,335,10
2,751,1,341,4
2,751,1,342,2
2,751,1,343,3
2,751,1,351,2
2,751,1,352,3
2,751,1,411,40
2,751,1,421,2
2,751,1,422,6
2,751,1,431,2
2,751,1,432,10
2,751,1,441,5
2,751,1,511,7
2,751,1,512,7
2,751,1,513,11
2,751,1,515,4
2,751,1,521,3
2,751,1,522,49
2,751,1,523,7
2,751,1,524,7
2,751,1,531,2
2,751,1,532,3
2,751,1,541,80
2,751,1,611,31
2,751,1,622,308
2,751,1,711,97
2,751,1,712,7
2,751,1,713,3
2,751,1,721,4
2,751,1,722,3
2,751,1,723,6
2,751,1,731,18
2,751,1,732,2
2,751,1,741,4
2,751,1,742,1
2,751,1,751,99
2,751,1,752,2
2,751,1,753,5
2,751,1,754,4
2,751,1,811,1
2,751,1,815,1
2,751,1,818,2
2,751,1,832,51
2,751,1,833,21
2,751,1,834,1
2,751,1,835,35
2,751,1,911,105
2,751,1,921,2
2,751,1,931,21
2,751,1,932,1
2,751,1,933,16
2,751,1,941,4
2,751,1,961,12
2,751,1,962,3
2,751,1,2000,19
2,751,1,2100,8
2,751,1,3000,31
2,751,1,3100,14
2,751,1,4000,4
2,751,1,5000,80
2,751,1,6000,217
2,751,1,9000,10
2,751,1,9999,3
2,752,1,622,1
2,753,1,111,14
2,753,1,112,33
2,753,1,121,15
2,753,1,122,7
2,753,1,132,19
2,753,1,134,13
2,753,1,141,9
2,753,1,142,42
2,753,1,143,10
2,753,1,211,1
2,753,1,216,1
2,753,1,230,10
2,753,1,231,5
2,753,1,233,1
2,753,1,234,1
2,753,1,235,3
2,753,1,241,1
2,753,1,242,1
2,753,1,261,1
2,753,1,263,5
2,753,1,264,2
2,753,1,265,1
2,753,1,311,23
2,753,1,312,4
2,753,1,313,9
2,753,1,315,35
2,753,1,325,4
2,753,1,331,4
2,753,1,332,2
2,753,1,334,32
2,753,1,335,14
2,753,1,342,2
2,753,1,343,3
2,753,1,351,5
2,753,1,352,1
2,753,1,411,24
2,753,1,422,5
2,753,1,431,1
2,753,1,432,6
2,753,1,441,3
2,753,1,511,4
2,753,1,512,6
2,753,1,513,3
2,753,1,515,8
2,753,1,521,1
2,753,1,522,20
2,753,1,523,5
2,753,1,524,6
2,753,1,541,25
2,753,1,611,5
2,753,1,612,1
2,753,1,622,76
2,753,1,711,40
2,753,1,712,4
2,753,1,721,3
2,753,1,722,1
2,753,1,723,6
2,753,1,731,4
2,753,1,741,3
2,753,1,742,1
2,753,1,751,4
2,753,1,752,3
2,753,1,753,7
2,753,1,754,7
2,753,1,818,2
2,753,1,832,38
2,753,1,833,16
2,753,1,835,10
2,753,1,911,29
2,753,1,931,14
2,753,1,932,3
2,753,1,933,8
2,753,1,961,3
2,753,1,962,4
2,753,1,2000,10
2,753,1,2100,8
2,753,1,3000,11
2,753,1,3100,12
2,753,1,4000,2
2,753,1,5000,21
2,753,1,6000,175
2,753,1,9000,7
2,754,1,133,1
2,754,1,142,1
2,754,1,342,1
2,754,1,541,2
2,754,1,731,1
2,754,1,911,1
2,754,1,2000,1
2,811,1,411,1
2,813,1,5000,1
2,813,1,6000,1
2,815,1,111,1
2,815,1,112,2
2,815,1,134,1
2,815,1,142,1
2,815,1,230,1
2,815,1,235,1
2,815,1,263,1
2,815,1,311,2
2,815,1,315,6
2,815,1,331,1
2,815,1,335,1
2,815,1,343,1
2,815,1,411,2
2,815,1,513,1
2,815,1,515,2
2,815,1,522,4
2,815,1,541,10
2,815,1,611,1
2,815,1,622,15
2,815,1,711,7
2,815,1,721,1
2,815,1,741,1
2,815,1,753,1
2,815,1,815,3
2,815,1,832,4
2,815,1,835,1
2,815,1,911,2
2,815,1,931,1
2,815,1,933,1
2,815,1,941,1
2,815,1,2000,1
2,815,1,2100,1
2,815,1,3000,1
2,815,1,5000,5
2,815,1,6000,11
2,815,1,9999,1
2,818,1,818,1
2,818,1,832,2
2,831,1,6000,1
2,832,1,322,1
2,832,1,325,1
2,832,1,5000,1
2,833,1,5000,1
2,834,1,611,1
2,835,1,312,1
2,911,1,111,11
2,911,1,112,9
2,911,1,121,2
2,911,1,122,2
2,911,1,132,8
2,911,1,134,3
2,911,1,141,4
2,911,1,142,19
2,911,1,143,3
2,911,1,214,3
2,911,1,216,1
2,911,1,230,6
2,911,1,233,5
2,911,1,234,8
2,911,1,235,1
2,911,1,241,1
2,911,1,262,1
2,911,1,263,22
2,911,1,311,16
2,911,1,312,4
2,911,1,313,4
2,911,1,315,35
2,911,1,322,2
2,911,1,325,2
2,911,1,331,1
2,911,1,332,1
2,911,1,334,18
2,911,1,335,2
2,911,1,341,3
2,911,1,342,1
2,911,1,343,3
2,911,1,352,1
2,911,1,411,31
2,911,1,431,4
2,911,1,432,7
2,911,1,441,3
2,911,1,511,3
2,911,1,512,6
2,911,1,513,4
2,911,1,515,3
2,911,1,521,1
2,911,1,522,19
2,911,1,523,4
2,911,1,524,3
2,911,1,531,1
2,911,1,532,2
2,911,1,541,95
2,911,1,611,22
2,911,1,622,233
2,911,1,711,70
2,911,1,712,1
2,911,1,713,4
2,911,1,721,8
2,911,1,722,1
2,911,1,723,3
2,911,1,731,8
2,911,1,732,1
2,911,1,741,6
2,911,1,742,3
2,911,1,751,11
2,911,1,753,3
2,911,1,815,2
2,911,1,818,3
2,911,1,832,36
2,911,1,833,16
2,911,1,835,24
2,911,1,911,156
2,911,1,921,4
2,911,1,931,21
2,911,1,932,4
2,911,1,933,20
2,911,1,961,8
2,911,1,962,2
2,911,1,2000,13
2,911,1,2100,2
2,911,1,3000,33
2,911,1,3100,7
2,911,1,4000,3
2,911,1,5000,59
2,911,1,6000,142
2,911,1,9000,6
2,921,1,261,1
2,921,1,263,1
2,921,1,325,1
2,921,1,411,1
2,921,1,523,1
2,921,1,541,1
2,921,1,611,2
2,921,1,622,4
2,921,1,711,1
2,921,1,712,1
2,921,1,751,1
2,921,1,753,1
2,921,1,832,1
2,921,1,835,1
2,921,1,911,4
2,921,1,921,6
2,921,1,931,1
2,921,1,2000,1
2,921,1,3000,2
2,921,1,5000,2
2,921,1,6000,1
2,921,1,9000,1
2,931,1,112,1
2,931,1,541,1
2,931,1,622,1
2,931,1,711,2
2,931,1,731,2
2,931,1,4000,1
2,932,1,122,1
2,932,1,516,1
2,932,1,753,1
2,932,1,932,1
2,932,1,5000,1
2,933,1,111,1
2,933,1,142,2
2,933,1,331,1
2,933,1,511,1
2,933,1,541,1
2,933,1,622,1
2,933,1,933,1
2,933,1,2100,1
2,933,1,3000,1
2,933,1,3100,1
2,933,1,6000,1
2,941,1,111,3
2,941,1,141,5
2,941,1,263,1
2,941,1,325,1
2,941,1,331,1
2,941,1,343,1
2,941,1,622,9
2,941,1,731,1
2,941,1,832,1
2,941,1,835,1
2,941,1,911,2
2,941,1,5000,1
2,941,1,6000,7
2,951,1,911,1
2,961,1,111,4
2,961,1,121,1
2,961,1,131,1
2,961,1,132,1
2,961,1,134,4
2,961,1,141,2
2,961,1,142,4
2,961,1,214,1
2,961,1,230,2
2,961,1,234,3
2,961,1,261,2
2,961,1,263,6
2,961,1,311,4
2,961,1,312,3
2,961,1,313,4
2,961,1,315,9
2,961,1,325,2
2,961,1,334,6
2,961,1,341,1
2,961,1,351,1
2,961,1,411,4
2,961,1,422,1
2,961,1,431,1
2,961,1,511,2
2,961,1,512,1
2,961,1,513,3
2,961,1,515,1
2,961,1,522,7
2,961,1,523,1
2,961,1,541,19
2,961,1,611,12
2,961,1,622,96
2,961,1,711,40
2,961,1,712,1
2,961,1,721,1
2,961,1,722,2
2,961,1,723,1
2,961,1,731,2
2,961,1,741,1
2,961,1,751,6
2,961,1,753,1
2,961,1,754,1
2,961,1,815,1
2,961,1,818,1
2,961,1,832,1
2,961,1,835,12
2,961,1,911,49
2,961,1,921,1
2,961,1,931,6
2,961,1,933,1
2,961,1,941,1
2,961,1,961,8
2,961,1,2000,3
2,961,1,3000,20
2,961,1,3100,1
2,961,1,4000,1
2,961,1,5000,21
2,961,1,6000,84
2,961,1,9000,4
2,962,1,132,1
2,962,1,142,4
2,962,1,315,4
2,962,1,332,1
2,962,1,341,1
2,962,1,541,2
2,962,1,622,5
2,962,1,811,1
2,962,1,833,2
2,962,1,911,1
2,962,1,962,2
2,962,1,3100,1
2,962,1,5000,2
2,962,1,9000,1
2,999,1,111,5
2,999,1,112,2
2,999,1,121,4
2,999,1,122,4
2,999,1,132,3
2,999,1,133,1
2,999,1,141,2
2,999,1,142,7
2,999,1,143,1
2,999,1,215,1
2,999,1,216,1
2,999,1,221,1
2,999,1,226,1
2,999,1,230,1
2,999,1,233,2
2,999,1,234,1
2,999,1,235,2
2,999,1,241,2
2,999,1,263,1
2,999,1,265,2
2,999,1,311,7
2,999,1,312,4
2,999,1,313,1
2,999,1,315,7
2,999,1,331,1
2,999,1,333,1
2,999,1,334,4
2,999,1,342,1
2,999,1,351,2
2,999,1,352,1
2,999,1,411,4
2,999,1,421,1
2,999,1,432,1
2,999,1,511,2
2,999,1,512,1
2,999,1,515,1
2,999,1,522,3
2,999,1,523,1
2,999,1,541,12
2,999,1,611,5
2,999,1,622,9
2,999,1,711,4
2,999,1,721,1
2,999,1,723,3
2,999,1,742,1
2,999,1,818,1
2,999,1,832,2
2,999,1,833,2
2,999,1,835,1
2,999,1,911,5
2,999,1,931,2
2,999,1,932,1
2,999,1,933,2
2,999,1,961,1
2,999,1,2000,1
2,999,1,2100,2
2,999,1,3100,6
2,999,1,5000,5
2,999,1,6000,3
2,999,1,9000,4
2,1100,1,111,1
2,1100,1,911,1
2,2000,1,21,1
2,2000,1,111,9
2,2000,1,112,15
2,2000,1,121,5
2,2000,1,122,2
2,2000,1,132,10
2,2000,1,134,5
2,2000,1,141,4
2,2000,1,142,15
2,2000,1,143,2
2,2000,1,214,2
2,2000,1,221,2
2,2000,1,230,3
2,2000,1,233,2
2,2000,1,241,7
2,2000,1,261,2
2,2000,1,263,2
2,2000,1,264,1
2,2000,1,265,2
2,2000,1,311,14
2,2000,1,312,1
2,2000,1,313,5
2,2000,1,315,24
2,2000,1,322,1
2,2000,1,325,5
2,2000,1,331,2
2,2000,1,332,2
2,2000,1,334,13
2,2000,1,335,5
2,2000,1,342,6
2,2000,1,343,1
2,2000,1,351,6
2,2000,1,352,2
2,2000,1,411,20
2,2000,1,421,2
2,2000,1,422,5
2,2000,1,432,5
2,2000,1,441,1
2,2000,1,511,6
2,2000,1,512,1
2,2000,1,513,6
2,2000,1,515,2
2,2000,1,522,5
2,2000,1,523,1
2,2000,1,524,1
2,2000,1,531,1
2,2000,1,532,1
2,2000,1,541,52
2,2000,1,611,2
2,2000,1,622,78
2,2000,1,711,25
2,2000,1,712,3
2,2000,1,713,1
2,2000,1,721,4
2,2000,1,722,1
2,2000,1,723,3
2,2000,1,731,1
2,2000,1,741,2
2,2000,1,742,3
2,2000,1,751,2
2,2000,1,754,4
2,2000,1,815,2
2,2000,1,832,15
2,2000,1,833,5
2,2000,1,835,6
2,2000,1,911,23
2,2000,1,931,4
2,2000,1,933,7
2,2000,1,941,1
2,2000,1,961,2
2,2000,1,962,4
2,2000,1,2000,55
2,2000,1,2100,2
2,2000,1,3000,7
2,2000,1,3100,15
2,2000,1,4000,2
2,2000,1,5000,10
2,2000,1,6000,65
2,2000,1,9000,5
2,2000,1,9999,1
2,2100,1,112,1
2,2100,1,143,1
2,2100,1,833,1
2,2100,1,2100,1
2,2100,1,3100,2
2,2100,1,6000,1
2,3000,1,31,1
2,3000,1,111,82
2,3000,1,112,117
2,3000,1,121,58
2,3000,1,122,18
2,3000,1,131,2
2,3000,1,132,62
2,3000,1,133,10
2,3000,1,134,52
2,3000,1,141,32
2,3000,1,142,119
2,3000,1,143,41
2,3000,1,211,5
2,3000,1,212,1
2,3000,1,214,15
2,3000,1,216,3
2,3000,1,221,10
2,3000,1,222,1
2,3000,1,226,2
2,3000,1,230,48
2,3000,1,231,10
2,3000,1,233,44
2,3000,1,234,17
2,3000,1,235,8
2,3000,1,241,8
2,3000,1,242,3
2,3000,1,243,2
2,3000,1,261,19
2,3000,1,263,39
2,3000,1,264,4
2,3000,1,265,8
2,3000,1,311,110
2,3000,1,312,25
2,3000,1,313,55
2,3000,1,314,1
2,3000,1,315,165
2,3000,1,321,3
2,3000,1,325,20
2,3000,1,331,8
2,3000,1,332,20
2,3000,1,333,4
2,3000,1,334,73
2,3000,1,335,34
2,3000,1,341,7
2,3000,1,342,11
2,3000,1,343,16
2,3000,1,351,20
2,3000,1,352,6
2,3000,1,411,111
2,3000,1,413,1
2,3000,1,421,3
2,3000,1,422,12
2,3000,1,431,14
2,3000,1,432,34
2,3000,1,441,7
2,3000,1,511,37
2,3000,1,512,11
2,3000,1,513,23
2,3000,1,514,2
2,3000,1,515,11
2,3000,1,522,99
2,3000,1,523,16
2,3000,1,524,11
2,3000,1,531,1
2,3000,1,532,6
2,3000,1,541,253
2,3000,1,611,51
2,3000,1,612,2
2,3000,1,622,666
2,3000,1,711,251
2,3000,1,712,19
2,3000,1,713,5
2,3000,1,721,22
2,3000,1,722,6
2,3000,1,723,24
2,3000,1,731,23
2,3000,1,732,11
2,3000,1,741,9
2,3000,1,742,10
2,3000,1,751,18
2,3000,1,752,2
2,3000,1,753,7
2,3000,1,754,13
2,3000,1,815,7
2,3000,1,818,8
2,3000,1,832,98
2,3000,1,833,41
2,3000,1,834,5
2,3000,1,835,75
2,3000,1,911,237
2,3000,1,912,1
2,3000,1,921,7
2,3000,1,931,58
2,3000,1,932,5
2,3000,1,933,51
2,3000,1,941,3
2,3000,1,961,13
2,3000,1,962,20
2,3000,1,1100,6
2,3000,1,2000,67
2,3000,1,2100,31
2,3000,1,3000,194
2,3000,1,3100,53
2,3000,1,4000,7
2,3000,1,5000,95
2,3000,1,6000,570
2,3000,1,9000,19
2,3000,1,9999,3
2,3100,1,112,2
2,3100,1,132,1
2,3100,1,235,1
2,3100,1,315,1
2,3100,1,334,1
2,3100,1,335,1
2,3100,1,352,1
2,3100,1,541,1
2,3100,1,753,1
2,3100,1,1100,1
2,3100,1,2000,1
2,3100,1,2100,9
2,3100,1,3000,1
2,3100,1,3100,7
2,3100,1,6000,1
2,4000,1,112,2
2,4000,1,121,2
2,4000,1,122,2
2,4000,1,134,2
2,4000,1,142,4
2,4000,1,143,1
2,4000,1,214,1
2,4000,1,241,1
2,4000,1,261,1
2,4000,1,311,1
2,4000,1,313,2
2,4000,1,315,2
2,4000,1,323,1
2,4000,1,325,1
2,4000,1,332,2
2,4000,1,334,2
2,4000,1,341,2
2,4000,1,343,1
2,4000,1,351,2
2,4000,1,411,2
2,4000,1,431,1
2,4000,1,511,2
2,4000,1,513,1
2,4000,1,522,1
2,4000,1,523,1
2,4000,1,541,14
2,4000,1,611,2
2,4000,1,622,4
2,4000,1,711,6
2,4000,1,712,1
2,4000,1,751,2
2,4000,1,754,1
2,4000,1,811,1
2,4000,1,832,6
2,4000,1,911,7
2,4000,1,1100,3
2,4000,1,2000,2
2,4000,1,2100,1
2,4000,1,3000,1
2,4000,1,3100,3
2,4000,1,4000,3
2,4000,1,6000,13
2,4000,1,9000,4
2,5000,1,111,195
2,5000,1,112,550
2,5000,1,121,163
2,5000,1,122,83
2,5000,1,131,2
2,5000,1,132,202
2,5000,1,133,20
2,5000,1,134,166
2,5000,1,141,116
2,5000,1,142,459
2,5000,1,143,100
2,5000,1,211,7
2,5000,1,213,1
2,5000,1,214,60
2,5000,1,215,1
2,5000,1,216,27
2,5000,1,221,49
2,5000,1,222,1
2,5000,1,223,1
2,5000,1,226,11
2,5000,1,230,141
2,5000,1,231,41
2,5000,1,232,1
2,5000,1,233,100
2,5000,1,234,47
2,5000,1,235,32
2,5000,1,241,66
2,5000,1,242,9
2,5000,1,243,8
2,5000,1,251,10
2,5000,1,252,1
2,5000,1,261,77
2,5000,1,262,1
2,5000,1,263,110
2,5000,1,264,13
2,5000,1,265,20
2,5000,1,311,242
2,5000,1,312,128
2,5000,1,313,118
2,5000,1,315,389
2,5000,1,321,9
2,5000,1,322,8
2,5000,1,323,1
2,5000,1,325,39
2,5000,1,331,56
2,5000,1,332,43
2,5000,1,333,2
2,5000,1,334,250
2,5000,1,335,122
2,5000,1,341,26
2,5000,1,342,21
2,5000,1,343,42
2,5000,1,351,88
2,5000,1,352,19
2,5000,1,411,288
2,5000,1,412,8
2,5000,1,421,17
2,5000,1,422,39
2,5000,1,431,52
2,5000,1,432,69
2,5000,1,441,22
2,5000,1,511,82
2,5000,1,512,14
2,5000,1,513,48
2,5000,1,514,6
2,5000,1,515,46
2,5000,1,521,5
2,5000,1,522,243
2,5000,1,523,61
2,5000,1,524,34
2,5000,1,531,3
2,5000,1,532,8
2,5000,1,541,575
2,5000,1,611,144
2,5000,1,612,2
2,5000,1,622,1250
2,5000,1,711,492
2,5000,1,712,48
2,5000,1,713,9
2,5000,1,721,55
2,5000,1,722,9
2,5000,1,723,96
2,5000,1,731,77
2,5000,1,732,10
2,5000,1,741,40
2,5000,1,742,20
2,5000,1,751,55
2,5000,1,753,29
2,5000,1,754,32
2,5000,1,811,6
2,5000,1,815,16
2,5000,1,818,28
2,5000,1,831,1
2,5000,1,832,306
2,5000,1,833,131
2,5000,1,834,12
2,5000,1,835,161
2,5000,1,911,500
2,5000,1,912,1
2,5000,1,921,10
2,5000,1,931,102
2,5000,1,932,11
2,5000,1,933,158
2,5000,1,941,12
2,5000,1,961,21
2,5000,1,962,42
2,5000,1,1100,22
2,5000,1,2000,167
2,5000,1,2100,112
2,5000,1,3000,239
2,5000,1,3100,187
2,5000,1,4000,23
2,5000,1,5000,756
2,5000,1,6000,1347
2,5000,1,9000,51
2,5000,1,9999,14
2,9000,1,111,4
2,9000,1,112,14
2,9000,1,121,7
2,9000,1,122,1
2,9000,1,132,8
2,9000,1,134,9
2,9000,1,141,11
2,9000,1,142,19
2,9000,1,143,3
2,9000,1,214,3
2,9000,1,221,6
2,9000,1,226,1
2,9000,1,230,9
2,9000,1,231,5
2,9000,1,233,6
2,9000,1,234,6
2,9000,1,235,4
2,9000,1,241,3
2,9000,1,243,1
2,9000,1,261,2
2,9000,1,263,2
2,9000,1,265,1
2,9000,1,311,8
2,9000,1,312,3
2,9000,1,313,3
2,9000,1,315,21
2,9000,1,322,1
2,9000,1,331,11
2,9000,1,332,1
2,9000,1,334,14
2,9000,1,335,3
2,9000,1,342,1
2,9000,1,343,1
2,9000,1,351,3
2,9000,1,352,1
2,9000,1,411,12
2,9000,1,422,1
2,9000,1,431,3
2,9000,1,432,2
2,9000,1,441,1
2,9000,1,511,2
2,9000,1,513,1
2,9000,1,515,4
2,9000,1,522,8
2,9000,1,523,3
2,9000,1,524,2
2,9000,1,541,27
2,9000,1,611,4
2,9000,1,622,63
2,9000,1,711,16
2,9000,1,712,5
2,9000,1,713,1
2,9000,1,721,1
2,9000,1,723,5
2,9000,1,731,3
2,9000,1,741,3
2,9000,1,742,1
2,9000,1,751,2
2,9000,1,753,2
2,9000,1,818,1
2,9000,1,832,14
2,9000,1,833,7
2,9000,1,834,2
2,9000,1,835,6
2,9000,1,911,22
2,9000,1,931,5
2,9000,1,932,1
2,9000,1,933,7
2,9000,1,961,2
2,9000,1,962,2
2,9000,1,1100,1
2,9000,1,2000,3
2,9000,1,2100,5
2,9000,1,3000,3
2,9000,1,3100,4
2,9000,1,5000,18
2,9000,1,6000,24
2,9000,1,9000,45
2,9000,1,9999,1
2,9999,1,111,8
2,9999,1,112,30
2,9999,1,121,6
2,9999,1,122,1
2,9999,1,132,3
2,9999,1,134,4
2,9999,1,141,2
2,9999,1,142,15
2,9999,1,143,5
2,9999,1,214,2
2,9999,1,216,1
2,9999,1,231,5
2,9999,1,241,1
2,9999,1,243,1
2,9999,1,261,2
2,9999,1,265,1
2,9999,1,311,2
2,9999,1,312,2
2,9999,1,313,1
2,9999,1,315,8
2,9999,1,325,1
2,9999,1,332,1
2,9999,1,334,8
2,9999,1,335,1
2,9999,1,343,1
2,9999,1,351,2
2,9999,1,411,5
2,9999,1,431,1
2,9999,1,432,1
2,9999,1,441,2
2,9999,1,523,1
2,9999,1,524,1
2,9999,1,541,3
2,9999,1,611,1
2,9999,1,622,6
2,9999,1,721,1
2,9999,1,723,1
2,9999,1,741,2
2,9999,1,818,1
2,9999,1,832,1
2,9999,1,833,2
2,9999,1,835,1
2,9999,1,911,1
2,9999,1,933,1
2,9999,1,1100,1
2,9999,1,2000,1
2,9999,1,2100,2
2,9999,1,3000,3
2,9999,1,5000,4
2,9999,1,9000,2
2,9999,1,9999,44